timeOpen;timeClose;timeHigh;timeLow;open;high;low;close;volume;marketCap;timestamp
"2023-08-31T00:00:00.000Z";"2023-08-31T23:59:59.999Z";"2023-08-31T17:05:00.000Z";"2023-08-31T08:15:00.000Z";0.5975745565;0.6691364334;0.5944950759;0.6291899815;5714324.69;83838493.65;"2023-08-31T23:59:59.999Z"
"2023-08-30T00:00:00.000Z";"2023-08-30T23:59:59.999Z";"2023-08-30T06:11:00.000Z";"2023-08-30T22:01:00.000Z";0.6178770602;0.6214908946;0.5950702132;0.5979361897;2148606.75;79673979.12;"2023-08-30T23:59:59.999Z"
"2023-08-29T00:00:00.000Z";"2023-08-29T23:59:59.999Z";"2023-08-29T08:22:00.000Z";"2023-08-29T03:02:00.000Z";0.602307499;0.6678798916;0.5993451329;0.6177942826;5783983.78;82320036.18;"2023-08-29T23:59:59.999Z"
"2023-08-28T00:00:00.000Z";"2023-08-28T23:59:59.999Z";"2023-08-28T16:10:00.000Z";"2023-08-28T10:27:00.000Z";0.5917600728;0.6059561202;0.5808842909;0.6022622322;1854194.47;80250416.92;"2023-08-28T23:59:59.999Z"
"2023-08-27T00:00:00.000Z";"2023-08-27T23:59:59.999Z";"2023-08-27T00:55:00.000Z";"2023-08-27T22:00:00.000Z";0.6126059742;0.6261368291;0.5889329229;0.5917090748;2604730.82;78844226.66;"2023-08-27T23:59:59.999Z"
"2023-08-26T00:00:00.000Z";"2023-08-26T23:59:59.999Z";"2023-08-26T01:20:00.000Z";"2023-08-26T12:38:00.000Z";0.696475677;0.6988417229;0.5965343349;0.6125514069;10191011.12;81621431.92;"2023-08-26T23:59:59.999Z"
"2023-08-25T00:00:00.000Z";"2023-08-25T23:59:59.999Z";"2023-08-25T18:03:00.000Z";"2023-08-25T01:30:00.000Z";0.5737737087;0.8432425365;0.5685216504;0.6947257664;25218288.55;92571025.39;"2023-08-25T23:59:59.999Z"
"2023-08-24T00:00:00.000Z";"2023-08-24T23:59:59.999Z";"2023-08-24T08:16:00.000Z";"2023-08-24T18:53:00.000Z";0.5768325804;0.5818050133;0.5682328292;0.5738071654;1136935.79;76458827.71;"2023-08-24T23:59:59.999Z"
"2023-08-23T00:00:00.000Z";"2023-08-23T23:59:59.999Z";"2023-08-23T19:51:00.000Z";"2023-08-23T13:37:00.000Z";0.5696913971;0.5827142109;0.5628887994;0.5771990691;1131278.68;76910793.1;"2023-08-23T23:59:59.999Z"
"2023-08-22T00:00:00.000Z";"2023-08-22T23:59:59.999Z";"2023-08-22T00:04:00.000Z";"2023-08-22T17:52:00.000Z";0.5767133888;0.5774525669;0.5568359207;0.569637862;1299353.91;75903275.14;"2023-08-22T23:59:59.999Z"
"2023-08-21T00:00:00.000Z";"2023-08-21T23:59:59.999Z";"2023-08-21T01:03:00.000Z";"2023-08-21T13:39:00.000Z";0.5893925984;0.5932511869;0.5692052891;0.5768656772;1377407.56;76866369.2;"2023-08-21T23:59:59.999Z"
"2023-08-20T00:00:00.000Z";"2023-08-20T23:59:59.999Z";"2023-08-20T22:38:00.000Z";"2023-08-20T13:19:00.000Z";0.5820754587;0.5938943895;0.5805729378;0.5913379915;1012907.14;78794780.44;"2023-08-20T23:59:59.999Z"
"2023-08-19T00:00:00.000Z";"2023-08-19T23:59:59.999Z";"2023-08-19T16:45:00.000Z";"2023-08-19T02:22:00.000Z";0.5863429482;0.5917831072;0.581232294;0.5820655825;914078.42;77559247.73;"2023-08-19T23:59:59.999Z"
"2023-08-18T00:00:00.000Z";"2023-08-18T23:59:59.999Z";"2023-08-18T20:30:00.000Z";"2023-08-18T03:40:00.000Z";0.5783376164;0.5896838377;0.5739868869;0.5863654741;1296622.98;78132200.96;"2023-08-18T23:59:59.999Z"
"2023-08-17T00:00:00.000Z";"2023-08-17T23:59:59.999Z";"2023-08-17T07:19:00.000Z";"2023-08-17T22:17:00.000Z";0.6057440786;0.6281679948;0.561201042;0.5787754764;1393797.42;77120846.7;"2023-08-17T23:59:59.999Z"
"2023-08-16T00:00:00.000Z";"2023-08-16T23:59:59.999Z";"2023-08-16T12:06:00.000Z";"2023-08-16T23:56:00.000Z";0.6243408421;0.6308712438;0.6050781575;0.6051794121;1049333.93;80639126.17;"2023-08-16T23:59:59.999Z"
"2023-08-15T00:00:00.000Z";"2023-08-15T23:59:59.999Z";"2023-08-15T03:47:00.000Z";"2023-08-15T23:05:00.000Z";0.6560943954;0.6578225847;0.6235454341;0.624349232;1186629.18;83193472.02;"2023-08-15T23:59:59.999Z"
"2023-08-14T00:00:00.000Z";"2023-08-14T23:59:59.999Z";"2023-08-14T08:52:00.000Z";"2023-08-14T02:28:00.000Z";0.6562843148;0.6651240376;0.6538529118;0.6560686385;1071143.54;87420028.92;"2023-08-14T23:59:59.999Z"
"2023-08-13T00:00:00.000Z";"2023-08-13T23:59:59.999Z";"2023-08-13T02:51:00.000Z";"2023-08-13T13:06:00.000Z";0.6625743588;0.6642271859;0.6536788445;0.6562347508;988054.18;87442163.11;"2023-08-13T23:59:59.999Z"
"2023-08-12T00:00:00.000Z";"2023-08-12T23:59:59.999Z";"2023-08-12T13:44:00.000Z";"2023-08-12T21:07:00.000Z";0.6608246839;0.6656389089;0.6574613892;0.6625256462;1200197.75;88280414.2;"2023-08-12T23:59:59.999Z"
"2023-08-11T00:00:00.000Z";"2023-08-11T23:59:59.999Z";"2023-08-11T04:55:00.000Z";"2023-08-11T19:41:00.000Z";0.6647097108;0.6679135774;0.656961587;0.6608010619;1128770.15;88050616.29;"2023-08-11T23:59:59.999Z"
"2023-08-10T00:00:00.000Z";"2023-08-10T23:59:59.999Z";"2023-08-10T13:50:00.000Z";"2023-08-10T19:20:00.000Z";0.6682571372;0.6766840016;0.6622240283;0.6646957865;957217.91;88569581.71;"2023-08-10T23:59:59.999Z"
"2023-08-09T00:00:00.000Z";"2023-08-09T23:59:59.999Z";"2023-08-09T23:46:00.000Z";"2023-08-09T03:08:00.000Z";0.6651552502;0.6711156137;0.6607162246;0.6682839059;1133841.37;89047692.51;"2023-08-09T23:59:59.999Z"
"2023-08-08T00:00:00.000Z";"2023-08-08T23:59:59.999Z";"2023-08-08T17:22:00.000Z";"2023-08-08T00:07:00.000Z";0.6605098248;0.6765694915;0.659824727;0.6651277033;1241045.55;88627133.89;"2023-08-08T23:59:59.999Z"
"2023-08-07T00:00:00.000Z";"2023-08-07T23:59:59.999Z";"2023-08-07T02:10:00.000Z";"2023-08-07T16:06:00.000Z";0.6656664864;0.6694637941;0.6529309167;0.6604381848;962235.12;88002263.53;"2023-08-07T23:59:59.999Z"
"2023-08-06T00:00:00.000Z";"2023-08-06T23:59:59.999Z";"2023-08-06T12:57:00.000Z";"2023-08-06T15:12:00.000Z";0.6814473835;0.687619734;0.6602100854;0.6656658384;1395653.2;88698839.47;"2023-08-06T23:59:59.999Z"
"2023-08-05T00:00:00.000Z";"2023-08-05T23:59:59.999Z";"2023-08-05T23:41:00.000Z";"2023-08-05T17:28:00.000Z";0.6626783425;0.6826117076;0.6573026106;0.6812371362;1063105.54;90773688.39;"2023-08-05T23:59:59.999Z"
"2023-08-04T00:00:00.000Z";"2023-08-04T23:59:59.999Z";"2023-08-04T13:54:00.000Z";"2023-08-04T23:40:00.000Z";0.666378145;0.6762533484;0.6608467026;0.6627929016;1185610.11;88316025.53;"2023-08-04T23:59:59.999Z"
"2023-08-03T00:00:00.000Z";"2023-08-03T23:59:59.999Z";"2023-08-03T17:07:00.000Z";"2023-08-03T09:16:00.000Z";0.6640386209;0.6716997578;0.6586842206;0.6664053292;1195119.05;88797375.36;"2023-08-03T23:59:59.999Z"
"2023-08-02T00:00:00.000Z";"2023-08-02T23:59:59.999Z";"2023-08-02T00:23:00.000Z";"2023-08-02T20:21:00.000Z";0.6903140821;0.6959167914;0.6603536257;0.6639743155;1397726.54;88473446.92;"2023-08-02T23:59:59.999Z"
"2023-08-01T00:00:00.000Z";"2023-08-01T23:59:59.999Z";"2023-08-01T21:39:00.000Z";"2023-08-01T05:46:00.000Z";0.6925264076;0.6950595469;0.675392017;0.6904192236;1431337.26;91997185.9;"2023-08-01T23:59:59.999Z"
"2023-07-31T00:00:00.000Z";"2023-07-31T23:59:59.999Z";"2023-07-31T03:13:00.000Z";"2023-07-31T22:10:00.000Z";0.7018727326;0.7106177096;0.6888189073;0.692537157;1231894.1;92279396.92;"2023-07-31T23:59:59.999Z"
"2023-07-30T00:00:00.000Z";"2023-07-30T23:59:59.999Z";"2023-07-30T06:01:00.000Z";"2023-07-30T23:03:00.000Z";0.7200234235;0.7208253942;0.6975046747;0.7019127026;993272.92;93528672.4;"2023-07-30T23:59:59.999Z"
"2023-07-29T00:00:00.000Z";"2023-07-29T23:59:59.999Z";"2023-07-29T23:36:00.000Z";"2023-07-29T00:18:00.000Z";0.7140215742;0.7216472066;0.7097385191;0.7199854838;1006810.59;95936839.73;"2023-07-29T23:59:59.999Z"
"2023-07-28T00:00:00.000Z";"2023-07-28T23:59:59.999Z";"2023-07-28T23:58:00.000Z";"2023-07-28T07:40:00.000Z";0.7013047527;0.714036744;0.6940280185;0.7140263273;1031529.07;95142792.27;"2023-07-28T23:59:59.999Z"
"2023-07-27T00:00:00.000Z";"2023-07-27T23:59:59.999Z";"2023-07-27T10:13:00.000Z";"2023-07-27T02:28:00.000Z";0.6874885183;0.7114195213;0.6868142499;0.7012122347;1138860.12;93435336.26;"2023-07-27T23:59:59.999Z"
"2023-07-26T00:00:00.000Z";"2023-07-26T23:59:59.999Z";"2023-07-26T17:11:00.000Z";"2023-07-26T11:48:00.000Z";0.6978576892;0.6991532844;0.6868051832;0.6896176565;1028566.31;91890378.46;"2023-07-26T23:59:59.999Z"
"2023-07-25T00:00:00.000Z";"2023-07-25T23:59:59.999Z";"2023-07-25T13:08:00.000Z";"2023-07-25T03:56:00.000Z";0.6783127814;0.7125928744;0.6680499464;0.6978425459;1366614.47;92986330.96;"2023-07-25T23:59:59.999Z"
"2023-07-24T00:00:00.000Z";"2023-07-24T23:59:59.999Z";"2023-07-24T00:00:00.000Z";"2023-07-24T12:39:00.000Z";0.7027889745;0.7027889745;0.6704776981;0.6782911353;1214697.32;90381138.79;"2023-07-24T23:59:59.999Z"
"2023-07-23T00:00:00.000Z";"2023-07-23T23:59:59.999Z";"2023-07-23T19:37:00.000Z";"2023-07-23T00:00:00.000Z";0.6892282413;0.710414646;0.6892282413;0.7043767694;1131719.3;93857005.11;"2023-07-23T23:59:59.999Z"
"2023-07-22T00:00:00.000Z";"2023-07-22T23:59:59.999Z";"2023-07-22T05:00:00.000Z";"2023-07-22T23:49:00.000Z";0.6999030159;0.7041475001;0.688698233;0.689099026;983501.64;91821271.82;"2023-07-22T23:59:59.999Z"
"2023-07-21T00:00:00.000Z";"2023-07-21T23:59:59.999Z";"2023-07-21T03:51:00.000Z";"2023-07-21T10:22:00.000Z";0.6969722179;0.7031155467;0.6908232085;0.6999420852;1080891.09;93266091;"2023-07-21T23:59:59.999Z"
"2023-07-20T00:00:00.000Z";"2023-07-20T23:59:59.999Z";"2023-07-20T09:29:00.000Z";"2023-07-20T18:36:00.000Z";0.6966121943;0.7129495081;0.6896148364;0.6970677604;1216155.88;92883092.1;"2023-07-20T23:59:59.999Z"
"2023-07-19T00:00:00.000Z";"2023-07-19T23:59:59.999Z";"2023-07-19T20:50:00.000Z";"2023-07-19T00:29:00.000Z";0.6951855438;0.7140134268;0.6906204298;0.6966268603;1242699.03;92824342.92;"2023-07-19T23:59:59.999Z"
"2023-07-18T00:00:00.000Z";"2023-07-18T23:59:59.999Z";"2023-07-18T02:13:00.000Z";"2023-07-18T17:06:00.000Z";0.7005662945;0.7028214234;0.6826067758;0.6950621058;1004598.37;92615842.05;"2023-07-18T23:59:59.999Z"
"2023-07-17T00:00:00.000Z";"2023-07-17T23:59:59.999Z";"2023-07-17T02:53:00.000Z";"2023-07-17T23:58:00.000Z";0.7301351876;0.7375813798;0.7005667995;0.7005922415;1097467.1;93352723.21;"2023-07-17T23:59:59.999Z"
"2023-07-16T00:00:00.000Z";"2023-07-16T23:59:59.999Z";"2023-07-16T01:52:00.000Z";"2023-07-16T20:54:00.000Z";0.7394306432;0.7413402323;0.7245654459;0.7301631008;603755.53;97292989.86;"2023-07-16T23:59:59.999Z"
"2023-07-15T00:00:00.000Z";"2023-07-15T23:59:59.999Z";"2023-07-15T09:45:00.000Z";"2023-07-15T22:57:00.000Z";0.7367614502;0.7487871815;0.7315740102;0.7394974297;704989.61;98536773.3;"2023-07-15T23:59:59.999Z"
"2023-07-14T00:00:00.000Z";"2023-07-14T23:59:59.999Z";"2023-07-14T04:02:00.000Z";"2023-07-14T20:30:00.000Z";0.7666370926;0.7693049803;0.7264641805;0.7368413195;1487414.67;98182851.13;"2023-07-14T23:59:59.999Z"
"2023-07-13T00:00:00.000Z";"2023-07-13T23:59:59.999Z";"2023-07-13T19:33:00.000Z";"2023-07-13T01:25:00.000Z";0.7232805216;0.7713060874;0.7202706558;0.766476289;1287536.64;102131660.35;"2023-07-13T23:59:59.999Z"
"2023-07-12T00:00:00.000Z";"2023-07-12T23:59:59.999Z";"2023-07-12T14:58:00.000Z";"2023-07-12T22:34:00.000Z";0.7296852968;0.7415947537;0.7174604238;0.7232582858;1048457.19;96372935.02;"2023-07-12T23:59:59.999Z"
"2023-07-11T00:00:00.000Z";"2023-07-11T23:59:59.999Z";"2023-07-11T21:13:00.000Z";"2023-07-11T00:55:00.000Z";0.7285034133;0.7479706736;0.7219372265;0.7296878881;1160818.19;97229668.58;"2023-07-11T23:59:59.999Z"
"2023-07-10T00:00:00.000Z";"2023-07-10T23:59:59.999Z";"2023-07-10T00:07:00.000Z";"2023-07-10T22:57:00.000Z";0.7519409047;0.7532140943;0.724105501;0.7284947526;1173678.5;97070685.31;"2023-07-10T23:59:59.999Z"
"2023-07-09T00:00:00.000Z";"2023-07-09T23:59:59.999Z";"2023-07-09T23:25:00.000Z";"2023-07-09T06:59:00.000Z";0.7459337215;0.7615301656;0.7364019152;0.752010216;1109403.8;100204080.76;"2023-07-09T23:59:59.999Z"
"2023-07-08T00:00:00.000Z";"2023-07-08T23:59:59.999Z";"2023-07-08T02:11:00.000Z";"2023-07-08T19:33:00.000Z";0.7447644876;0.7480186706;0.7302443971;0.7441371188;1098720.79;99155003.97;"2023-07-08T23:59:59.999Z"
"2023-07-07T00:00:00.000Z";"2023-07-07T23:59:59.999Z";"2023-07-07T12:31:00.000Z";"2023-07-07T00:11:00.000Z";0.7149907205;0.8227950302;0.7130381251;0.7447608451;4773688.95;99238114.43;"2023-07-07T23:59:59.999Z"
"2023-07-06T00:00:00.000Z";"2023-07-06T23:59:59.999Z";"2023-07-06T16:22:00.000Z";"2023-07-06T05:29:00.000Z";0.714929186;0.756665457;0.7036860668;0.7151241797;1888909.26;95289079.24;"2023-07-06T23:59:59.999Z"
"2023-07-05T00:00:00.000Z";"2023-07-05T23:59:59.999Z";"2023-07-05T06:02:00.000Z";"2023-07-05T16:24:00.000Z";0.7293040867;0.736327771;0.702124178;0.7152661201;1256354.28;95307992.55;"2023-07-05T23:59:59.999Z"
"2023-07-04T00:00:00.000Z";"2023-07-04T23:59:59.999Z";"2023-07-04T01:27:00.000Z";"2023-07-04T19:48:00.000Z";0.740327052;0.746819917;0.7222935562;0.729194277;1141979.03;97163895.74;"2023-07-04T23:59:59.999Z"
"2023-07-03T00:00:00.000Z";"2023-07-03T23:59:59.999Z";"2023-07-03T20:46:00.000Z";"2023-07-03T01:31:00.000Z";0.7293730332;0.7473285607;0.7242920541;0.7402005837;1381204.71;98630467.36;"2023-07-03T23:59:59.999Z"
"2023-07-02T00:00:00.000Z";"2023-07-02T23:59:59.999Z";"2023-07-02T10:13:00.000Z";"2023-07-02T18:48:00.000Z";0.7289949658;0.8326376573;0.7204773555;0.7293491964;4217734.87;97184538.49;"2023-07-02T23:59:59.999Z"
"2023-07-01T00:00:00.000Z";"2023-07-01T23:59:59.999Z";"2023-07-01T22:49:00.000Z";"2023-07-01T04:02:00.000Z";0.7120946551;0.7323267895;0.7046119859;0.7290123554;1251137;97139655;"2023-07-01T23:59:59.999Z"
"2023-06-30T00:00:00.000Z";"2023-06-30T23:59:59.999Z";"2023-06-30T22:49:00.000Z";"2023-06-30T01:55:00.000Z";0.6670319292;0.719969867;0.660452296;0.7123013525;2070940.88;94912942.31;"2023-06-30T23:59:59.999Z"
"2023-06-29T00:00:00.000Z";"2023-06-29T23:59:59.999Z";"2023-06-29T11:12:00.000Z";"2023-06-29T20:40:00.000Z";0.6726341652;0.6832176262;0.6637810001;0.6671561557;986599.71;88897421.72;"2023-06-29T23:59:59.999Z"
"2023-06-28T00:00:00.000Z";"2023-06-28T23:59:59.999Z";"2023-06-28T00:07:00.000Z";"2023-06-28T23:59:00.000Z";0.7071794487;0.7072833176;0.6727007996;0.6727007996;1072030.64;89636236.07;"2023-06-28T23:59:59.999Z"
"2023-06-27T00:00:00.000Z";"2023-06-27T23:59:59.999Z";"2023-06-27T19:29:00.000Z";"2023-06-27T06:35:00.000Z";0.6899780316;0.7261703559;0.6836417789;0.7061765272;1754712.48;94096819.78;"2023-06-27T23:59:59.999Z"
"2023-06-26T00:00:00.000Z";"2023-06-26T23:59:59.999Z";"2023-06-26T00:26:00.000Z";"2023-06-26T22:12:00.000Z";0.7138598704;0.7208358845;0.6838281114;0.6901409376;1093040.35;91960104.77;"2023-06-26T23:59:59.999Z"
"2023-06-25T00:00:00.000Z";"2023-06-25T23:59:59.999Z";"2023-06-25T15:32:00.000Z";"2023-06-25T00:00:00.000Z";0.6978946317;0.7307643848;0.6978946317;0.7139175525;1312907.13;95128298.21;"2023-06-25T23:59:59.999Z"
"2023-06-24T00:00:00.000Z";"2023-06-24T23:59:59.999Z";"2023-06-24T16:23:00.000Z";"2023-06-24T23:46:00.000Z";0.6983346708;0.7356058467;0.6961689832;0.6978371177;1503513.86;92985607.65;"2023-06-24T23:59:59.999Z"
"2023-06-23T00:00:00.000Z";"2023-06-23T23:59:59.999Z";"2023-06-23T21:37:00.000Z";"2023-06-23T00:01:00.000Z";0.6766383588;0.7070267289;0.676448136;0.6980311747;1659743.74;93011465.42;"2023-06-23T23:59:59.999Z"
"2023-06-22T00:00:00.000Z";"2023-06-22T23:59:59.999Z";"2023-06-22T10:54:00.000Z";"2023-06-22T22:23:00.000Z";0.6801632177;0.6988452487;0.6747284982;0.6765912497;1068539.4;90154631.93;"2023-06-22T23:59:59.999Z"
"2023-06-21T00:00:00.000Z";"2023-06-21T23:59:59.999Z";"2023-06-21T16:37:00.000Z";"2023-06-21T00:00:00.000Z";0.6604762692;0.6892814728;0.6604762692;0.6803970824;993929.25;90661752.66;"2023-06-21T23:59:59.999Z"
"2023-06-20T00:00:00.000Z";"2023-06-20T23:59:59.999Z";"2023-06-20T21:19:00.000Z";"2023-06-20T15:15:00.000Z";0.65477328;0.6641947409;0.6323525266;0.660490694;1194199.81;88009260.3;"2023-06-20T23:59:59.999Z"
"2023-06-19T00:00:00.000Z";"2023-06-19T23:59:59.999Z";"2023-06-19T05:28:00.000Z";"2023-06-19T10:10:00.000Z";0.6487286823;0.6609639606;0.6438681907;0.6547453611;1159559.06;87243704.46;"2023-06-19T23:59:59.999Z"
"2023-06-18T00:00:00.000Z";"2023-06-18T23:59:59.999Z";"2023-06-18T13:07:00.000Z";"2023-06-18T09:12:00.000Z";0.6508263579;0.6603167621;0.6442955466;0.6487364425;920007.73;86443026.3;"2023-06-18T23:59:59.999Z"
"2023-06-17T00:00:00.000Z";"2023-06-17T23:59:59.999Z";"2023-06-17T06:38:00.000Z";"2023-06-17T03:54:00.000Z";0.6484359349;0.6596311712;0.6462854474;0.6509597767;929531.56;86739281.79;"2023-06-17T23:59:59.999Z"
"2023-06-16T00:00:00.000Z";"2023-06-16T23:59:59.999Z";"2023-06-16T17:31:00.000Z";"2023-06-16T14:56:00.000Z";0.6423301027;0.6536653834;0.6298906389;0.6485997435;1059707.8;86424811.39;"2023-06-16T23:59:59.999Z"
"2023-06-15T00:00:00.000Z";"2023-06-15T23:59:59.999Z";"2023-06-15T04:39:00.000Z";"2023-06-15T12:39:00.000Z";0.6364446363;0.6495035716;0.6224600646;0.6422802021;1414310.99;85582743.26;"2023-06-15T23:59:59.999Z"
"2023-06-14T00:00:00.000Z";"2023-06-14T23:59:59.999Z";"2023-06-14T06:38:00.000Z";"2023-06-14T21:01:00.000Z";0.6556631352;0.7004654955;0.6307563298;0.6365519856;1967882.51;84819468.17;"2023-06-14T23:59:59.999Z"
"2023-06-13T00:00:00.000Z";"2023-06-13T23:59:59.999Z";"2023-06-13T19:40:00.000Z";"2023-06-13T16:43:00.000Z";0.6349876659;0.6742105505;0.633540396;0.6556631352;1881840.14;87365996.3;"2023-06-13T23:59:59.999Z"
"2023-06-12T00:00:00.000Z";"2023-06-12T23:59:59.999Z";"2023-06-12T11:04:00.000Z";"2023-06-12T02:48:00.000Z";0.6439611495;0.6567962738;0.6299494163;0.6349930005;752987.65;84611736.06;"2023-06-12T23:59:59.999Z"
"2023-06-11T00:00:00.000Z";"2023-06-11T23:59:59.999Z";"2023-06-11T09:08:00.000Z";"2023-06-11T15:27:00.000Z";0.6555239992;0.6761543091;0.637244432;0.6440344749;1242378.24;85816497.12;"2023-06-11T23:59:59.999Z"
"2023-06-10T00:00:00.000Z";"2023-06-10T23:59:59.999Z";"2023-06-10T00:40:00.000Z";"2023-06-10T07:10:00.000Z";0.7078491931;0.7132242893;0.6113957936;0.6555131173;2519464.45;87346006.68;"2023-06-10T23:59:59.999Z"
"2023-06-09T00:00:00.000Z";"2023-06-09T23:59:59.999Z";"2023-06-09T21:49:00.000Z";"2023-06-09T05:00:00.000Z";0.7029380175;0.7196846748;0.6908921609;0.7078566196;1319685.88;94320689.23;"2023-06-09T23:59:59.999Z"
"2023-06-08T00:00:00.000Z";"2023-06-08T23:59:59.999Z";"2023-06-08T06:02:00.000Z";"2023-06-08T18:08:00.000Z";0.7097682695;0.7457559117;0.6978896337;0.7031895523;1650443.95;93698810.46;"2023-06-08T23:59:59.999Z"
"2023-06-07T00:00:00.000Z";"2023-06-07T23:59:59.999Z";"2023-06-07T08:10:00.000Z";"2023-06-07T16:45:00.000Z";0.7362088244;0.7362294931;0.6925048716;0.709861623;3450673.31;94587852.52;"2023-06-07T23:59:59.999Z"
"2023-06-06T00:00:00.000Z";"2023-06-06T23:59:59.999Z";"2023-06-06T06:02:00.000Z";"2023-06-06T01:30:00.000Z";0.7325633816;0.9339949899;0.7229848715;0.736128056;21880789.93;98087809.98;"2023-06-06T23:59:59.999Z"
"2023-06-05T00:00:00.000Z";"2023-06-05T23:59:59.999Z";"2023-06-05T21:31:00.000Z";"2023-06-05T19:08:00.000Z";0.7273845167;0.7531532496;0.6844841716;0.7327953108;2222811.19;97643727.37;"2023-06-05T23:59:59.999Z"
"2023-06-04T00:00:00.000Z";"2023-06-04T23:59:59.999Z";"2023-06-04T09:06:00.000Z";"2023-06-04T23:48:00.000Z";0.7398042881;0.7462222955;0.7251685243;0.7275305935;631635.05;96942212.75;"2023-06-04T23:59:59.999Z"
"2023-06-03T00:00:00.000Z";"2023-06-03T23:59:59.999Z";"2023-06-03T00:00:00.000Z";"2023-06-03T20:16:00.000Z";0.7588939071;0.7588939071;0.7345307774;0.7397855412;538625.1;98575163.66;"2023-06-03T23:59:59.999Z"
"2023-06-02T00:00:00.000Z";"2023-06-02T23:59:59.999Z";"2023-06-02T16:35:00.000Z";"2023-06-02T12:49:00.000Z";0.7661639395;0.7853198003;0.7404171663;0.7587426133;1228962.97;101101161.23;"2023-06-02T23:59:59.999Z"
"2023-06-01T00:00:00.000Z";"2023-06-01T23:59:59.999Z";"2023-06-01T23:16:00.000Z";"2023-06-01T01:15:00.000Z";0.7184362064;0.7891839385;0.7147183684;0.7677991075;1546442.67;102307923.67;"2023-06-01T23:59:59.999Z"
"2023-05-31T00:00:00.000Z";"2023-05-31T23:59:59.999Z";"2023-05-31T13:08:00.000Z";"2023-05-31T11:15:00.000Z";0.7155161707;0.7325027284;0.6994444213;0.7185867598;1290317.09;95750462.14;"2023-05-31T23:59:59.999Z"
"2023-05-30T00:00:00.000Z";"2023-05-30T23:59:59.999Z";"2023-05-30T03:41:00.000Z";"2023-05-30T15:30:00.000Z";0.7155039948;0.7182778641;0.7062955786;0.7153819019;656747.78;95323420.27;"2023-05-30T23:59:59.999Z"
"2023-05-29T00:00:00.000Z";"2023-05-29T23:59:59.999Z";"2023-05-29T02:43:00.000Z";"2023-05-29T23:10:00.000Z";0.7353988212;0.7392037025;0.7126688079;0.7155824646;703962.91;95350144.92;"2023-05-29T23:59:59.999Z"
"2023-05-28T00:00:00.000Z";"2023-05-28T23:59:59.999Z";"2023-05-28T23:10:00.000Z";"2023-05-28T00:39:00.000Z";0.7107366278;0.7379737722;0.7080842598;0.7354902265;577616.88;98002820.3;"2023-05-28T23:59:59.999Z"
"2023-05-27T00:00:00.000Z";"2023-05-27T23:59:59.999Z";"2023-05-27T02:45:00.000Z";"2023-05-27T10:36:00.000Z";0.7131786114;0.7168259521;0.703395822;0.7108702584;450481.92;94722251.46;"2023-05-27T23:59:59.999Z"
"2023-05-26T00:00:00.000Z";"2023-05-26T23:59:59.999Z";"2023-05-26T21:05:00.000Z";"2023-05-26T06:25:00.000Z";0.7065630029;0.7189410287;0.698488033;0.712929618;498330.54;94996657.62;"2023-05-26T23:59:59.999Z"
"2023-05-25T00:00:00.000Z";"2023-05-25T23:59:59.999Z";"2023-05-25T07:25:00.000Z";"2023-05-25T16:40:00.000Z";0.7217236489;0.7506489777;0.7016954534;0.7065511249;1211259.37;94146734.28;"2023-05-25T23:59:59.999Z"
"2023-05-24T00:00:00.000Z";"2023-05-24T23:59:59.999Z";"2023-05-24T23:16:00.000Z";"2023-05-24T14:53:00.000Z";0.7109153612;0.7323986942;0.68636556;0.7216892486;987441.07;96163863.48;"2023-05-24T23:59:59.999Z"
"2023-05-23T00:00:00.000Z";"2023-05-23T23:59:59.999Z";"2023-05-23T03:27:00.000Z";"2023-05-23T20:41:00.000Z";0.7093316458;0.7242588986;0.7059736703;0.7107173538;515652.24;94701877.18;"2023-05-23T23:59:59.999Z"
"2023-05-22T00:00:00.000Z";"2023-05-22T23:59:59.999Z";"2023-05-22T00:19:00.000Z";"2023-05-22T14:25:00.000Z";0.7182310667;0.7206446155;0.7072530181;0.709334609;571377.91;94517628.79;"2023-05-22T23:59:59.999Z"
"2023-05-21T00:00:00.000Z";"2023-05-21T23:59:59.999Z";"2023-05-21T07:45:00.000Z";"2023-05-21T21:39:00.000Z";0.7341140999;0.7364480397;0.7109666486;0.718092561;529422.46;95684610.99;"2023-05-21T23:59:59.999Z"
"2023-05-20T00:00:00.000Z";"2023-05-20T23:59:59.999Z";"2023-05-20T13:28:00.000Z";"2023-05-20T07:26:00.000Z";0.7379121461;0.7424068436;0.7266124266;0.7341552522;467316.45;97824937.24;"2023-05-20T23:59:59.999Z"
"2023-05-19T00:00:00.000Z";"2023-05-19T23:59:59.999Z";"2023-05-19T11:26:00.000Z";"2023-05-19T21:58:00.000Z";0.7373400578;0.7431141217;0.7314903885;0.7378821575;400705.29;98321541.02;"2023-05-19T23:59:59.999Z"
"2023-05-18T00:00:00.000Z";"2023-05-18T23:59:59.999Z";"2023-05-18T10:25:00.000Z";"2023-05-18T18:37:00.000Z";0.7425596674;0.7610693123;0.7270443314;0.7372035796;617234.11;98231121.67;"2023-05-18T23:59:59.999Z"
"2023-05-17T00:00:00.000Z";"2023-05-17T23:59:59.999Z";"2023-05-17T23:24:00.000Z";"2023-05-17T14:03:00.000Z";0.7283833545;0.7486703224;0.7230322477;0.742657314;600745.88;98957822.5;"2023-05-17T23:59:59.999Z"
"2023-05-16T00:00:00.000Z";"2023-05-16T23:59:59.999Z";"2023-05-16T06:42:00.000Z";"2023-05-16T01:52:00.000Z";0.7217112178;0.7611000466;0.7165624365;0.7283602175;776823.58;97052758.73;"2023-05-16T23:59:59.999Z"
"2023-05-15T00:00:00.000Z";"2023-05-15T23:59:59.999Z";"2023-05-15T13:47:00.000Z";"2023-05-15T01:22:00.000Z";0.7129946236;0.7381518981;0.7001540131;0.7225045616;585736.94;96272502.56;"2023-05-15T23:59:59.999Z"
"2023-05-14T00:00:00.000Z";"2023-05-14T23:59:59.999Z";"2023-05-14T16:10:00.000Z";"2023-05-14T01:53:00.000Z";0.7068863216;0.7191388171;0.6988551061;0.7130568301;539945.78;95013608.43;"2023-05-14T23:59:59.999Z"
"2023-05-13T00:00:00.000Z";"2023-05-13T23:59:59.999Z";"2023-05-13T00:11:00.000Z";"2023-05-13T19:06:00.000Z";0.7152682927;0.7168688497;0.7041868624;0.7069561944;432449.91;94200709.1;"2023-05-13T23:59:59.999Z"
"2023-05-12T00:00:00.000Z";"2023-05-12T23:59:59.999Z";"2023-05-12T05:10:00.000Z";"2023-05-12T19:43:00.000Z";0.7049717013;0.7362429084;0.6992040282;0.715195295;903453.76;95298555.22;"2023-05-12T23:59:59.999Z"
"2023-05-11T00:00:00.000Z";"2023-05-11T23:59:59.999Z";"2023-05-11T07:48:00.000Z";"2023-05-11T19:42:00.000Z";0.7364963446;0.7460901701;0.6944487671;0.7053627791;837082.82;93988389.23;"2023-05-11T23:59:59.999Z"
"2023-05-10T00:00:00.000Z";"2023-05-10T23:59:59.999Z";"2023-05-10T21:08:00.000Z";"2023-05-10T12:10:00.000Z";0.7290152412;0.746054072;0.724920033;0.73654001;663331.34;98142702.15;"2023-05-10T23:59:59.999Z"
"2023-05-09T00:00:00.000Z";"2023-05-09T23:59:59.999Z";"2023-05-09T00:31:00.000Z";"2023-05-09T06:41:00.000Z";0.7372870475;0.7394819019;0.7220333194;0.7289117245;719069.48;97126246.1;"2023-05-09T23:59:59.999Z"
"2023-05-08T00:00:00.000Z";"2023-05-08T23:59:59.999Z";"2023-05-08T01:10:00.000Z";"2023-05-08T18:15:00.000Z";0.755988059;0.7601345103;0.7285661123;0.7373587419;961982.75;98251796.79;"2023-05-08T23:59:59.999Z"
"2023-05-07T00:00:00.000Z";"2023-05-07T23:59:59.999Z";"2023-05-07T13:41:00.000Z";"2023-05-07T23:59:00.000Z";0.7827683831;0.7895818443;0.7567693253;0.7567693253;783878.8;100838223.97;"2023-05-07T23:59:59.999Z"
"2023-05-06T00:00:00.000Z";"2023-05-06T23:59:59.999Z";"2023-05-06T00:41:00.000Z";"2023-05-06T15:13:00.000Z";0.7916681274;0.7957648287;0.7648531014;0.7827951908;697940.33;104306126.23;"2023-05-06T23:59:59.999Z"
"2023-05-05T00:00:00.000Z";"2023-05-05T23:59:59.999Z";"2023-05-05T18:22:00.000Z";"2023-05-05T00:04:00.000Z";0.7763724443;0.8041517581;0.7763044007;0.7912746584;444565.86;105436000.85;"2023-05-05T23:59:59.999Z"
"2023-05-04T00:00:00.000Z";"2023-05-04T23:59:59.999Z";"2023-05-04T04:45:00.000Z";"2023-05-04T22:18:00.000Z";0.799364058;0.8035681625;0.7753873804;0.7763201016;671599.96;103443331.62;"2023-05-04T23:59:59.999Z"
"2023-05-03T00:00:00.000Z";"2023-05-03T23:59:59.999Z";"2023-05-03T23:09:00.000Z";"2023-05-03T13:13:00.000Z";0.78120959;0.8058100581;0.7713176695;0.7985863984;566860.99;106410277.75;"2023-05-03T23:59:59.999Z"
"2023-05-02T00:00:00.000Z";"2023-05-02T23:59:59.999Z";"2023-05-02T10:46:00.000Z";"2023-05-02T01:57:00.000Z";0.7743027497;0.7997924357;0.7661480587;0.7811204992;808471.29;104082976.43;"2023-05-02T23:59:59.999Z"
"2023-05-01T00:00:00.000Z";"2023-05-01T23:59:59.999Z";"2023-05-01T05:17:00.000Z";"2023-05-01T20:29:00.000Z";0.797993529;0.8068174967;0.7651142242;0.7744451537;547991.67;103193498.01;"2023-05-01T23:59:59.999Z"
"2023-04-30T00:00:00.000Z";"2023-04-30T23:59:59.999Z";"2023-04-30T12:58:00.000Z";"2023-04-30T20:58:00.000Z";0.8110419076;0.828095388;0.7967605795;0.7979851907;748831.7;106330167.86;"2023-04-30T23:59:59.999Z"
"2023-04-29T00:00:00.000Z";"2023-04-29T23:59:59.999Z";"2023-04-29T16:59:00.000Z";"2023-04-29T00:55:00.000Z";0.8043761087;0.8213706303;0.8018354533;0.8111880023;521739.8;108089420.02;"2023-04-29T23:59:59.999Z"
"2023-04-28T00:00:00.000Z";"2023-04-28T23:59:59.999Z";"2023-04-28T00:21:00.000Z";"2023-04-28T18:39:00.000Z";0.8399426192;0.8412891541;0.8007284091;0.8042116405;499916.67;107159831.69;"2023-04-28T23:59:59.999Z"
"2023-04-27T00:00:00.000Z";"2023-04-27T23:59:59.999Z";"2023-04-27T22:12:00.000Z";"2023-04-27T10:10:00.000Z";0.8077865142;0.8408065306;0.8063671531;0.8399611814;934877.17;111923397.13;"2023-04-27T23:59:59.999Z"
"2023-04-26T00:00:00.000Z";"2023-04-26T23:59:59.999Z";"2023-04-26T13:00:00.000Z";"2023-04-26T20:11:00.000Z";0.8257112914;0.8584247316;0.7854785735;0.8077426143;1028202.56;107630327.93;"2023-04-26T23:59:59.999Z"
"2023-04-25T00:00:00.000Z";"2023-04-25T23:59:59.999Z";"2023-04-25T23:51:00.000Z";"2023-04-25T14:37:00.000Z";0.8255395583;0.8302372606;0.7988442317;0.8255561548;612030.91;110003951.87;"2023-04-25T23:59:59.999Z"
"2023-04-24T00:00:00.000Z";"2023-04-24T23:59:59.999Z";"2023-04-24T23:53:00.000Z";"2023-04-24T09:42:00.000Z";0.8167265821;0.8269735789;0.8007036429;0.8254077406;535181.88;109984175.93;"2023-04-24T23:59:59.999Z"
"2023-04-23T00:00:00.000Z";"2023-04-23T23:59:59.999Z";"2023-04-23T00:26:00.000Z";"2023-04-23T19:04:00.000Z";0.833423863;0.8339963421;0.8030989004;0.8164786086;870505.32;108794384.3;"2023-04-23T23:59:59.999Z"
"2023-04-22T00:00:00.000Z";"2023-04-22T23:59:59.999Z";"2023-04-22T12:48:00.000Z";"2023-04-22T01:14:00.000Z";0.8101018356;0.8592445748;0.8043552121;0.8334692177;1259786.02;111058354.03;"2023-04-22T23:59:59.999Z"
"2023-04-21T00:00:00.000Z";"2023-04-21T23:59:59.999Z";"2023-04-21T01:02:00.000Z";"2023-04-21T23:23:00.000Z";0.8413101842;0.8467476799;0.8069312603;0.8099953343;869344.99;107930499.04;"2023-04-21T23:59:59.999Z"
"2023-04-20T00:00:00.000Z";"2023-04-20T23:59:59.999Z";"2023-04-20T01:01:00.000Z";"2023-04-20T19:38:00.000Z";0.8777698364;0.8789803638;0.8307964053;0.8415056973;1106646.03;112129201.26;"2023-04-20T23:59:59.999Z"
"2023-04-19T00:00:00.000Z";"2023-04-19T23:59:59.999Z";"2023-04-19T00:11:00.000Z";"2023-04-19T10:37:00.000Z";0.9341528046;0.9381292884;0.8752589632;0.8780509235;1767389.16;116998790.41;"2023-04-19T23:59:59.999Z"
"2023-04-18T00:00:00.000Z";"2023-04-18T23:59:59.999Z";"2023-04-18T11:46:00.000Z";"2023-04-18T01:31:00.000Z";0.913380749;0.9424387968;0.9078717493;0.9342476136;1202040.33;124486903.68;"2023-04-18T23:59:59.999Z"
"2023-04-17T00:00:00.000Z";"2023-04-17T23:59:59.999Z";"2023-04-17T00:15:00.000Z";"2023-04-17T16:01:00.000Z";0.9490474264;0.9544420497;0.9046754203;0.913050493;2201547.04;121662423.45;"2023-04-17T23:59:59.999Z"
"2023-04-16T00:00:00.000Z";"2023-04-16T23:59:59.999Z";"2023-04-16T19:53:00.000Z";"2023-04-16T01:46:00.000Z";0.9140563725;0.9588702555;0.9110727255;0.9491111167;1407024.71;126467440.16;"2023-04-16T23:59:59.999Z"
"2023-04-15T00:00:00.000Z";"2023-04-15T23:59:59.999Z";"2023-04-15T00:21:00.000Z";"2023-04-15T21:18:00.000Z";0.9215827771;0.9244599296;0.9067053663;0.9139944207;961848.69;121788200.21;"2023-04-15T23:59:59.999Z"
"2023-04-14T00:00:00.000Z";"2023-04-14T23:59:59.999Z";"2023-04-14T06:39:00.000Z";"2023-04-14T16:33:00.000Z";0.9131032331;0.9332430847;0.8981681484;0.9214982177;1218305.42;122788068.39;"2023-04-14T23:59:59.999Z"
"2023-04-13T00:00:00.000Z";"2023-04-13T23:59:59.999Z";"2023-04-13T22:39:00.000Z";"2023-04-13T08:26:00.000Z";0.9027436892;0.9222810751;0.9003272029;0.9127567719;1219698.14;121623285.61;"2023-04-13T23:59:59.999Z"
"2023-04-12T00:00:00.000Z";"2023-04-12T23:59:59.999Z";"2023-04-12T00:42:00.000Z";"2023-04-12T23:09:00.000Z";0.9278858013;0.9314922962;0.8973217046;0.907294337;926027.22;120895425.46;"2023-04-12T23:59:59.999Z"
"2023-04-11T00:00:00.000Z";"2023-04-11T23:59:59.999Z";"2023-04-11T16:14:00.000Z";"2023-04-11T00:09:00.000Z";0.9112088146;0.9366429149;0.9105271792;0.9279381491;1148036.57;123646178.28;"2023-04-11T23:59:59.999Z"
"2023-04-10T00:00:00.000Z";"2023-04-10T23:59:59.999Z";"2023-04-10T22:25:00.000Z";"2023-04-10T05:29:00.000Z";0.8973049354;0.9150149876;0.8883012916;0.9114623015;861206.15;121450799.64;"2023-04-10T23:59:59.999Z"
"2023-04-09T00:00:00.000Z";"2023-04-09T23:59:59.999Z";"2023-04-09T03:16:00.000Z";"2023-04-09T17:22:00.000Z";0.9049534974;0.9116774011;0.8840947134;0.8973288412;1089200.66;119567540.13;"2023-04-09T23:59:59.999Z"
"2023-04-08T00:00:00.000Z";"2023-04-08T23:59:59.999Z";"2023-04-08T01:50:00.000Z";"2023-04-08T22:56:00.000Z";0.9140842055;0.9149692286;0.8995134761;0.9051247159;1159446.28;120606327.14;"2023-04-08T23:59:59.999Z"
"2023-04-07T00:00:00.000Z";"2023-04-07T23:59:59.999Z";"2023-04-07T00:01:00.000Z";"2023-04-07T08:02:00.000Z";0.9495581956;0.9526162678;0.9114028036;0.9142484795;1493518.53;121822053.11;"2023-04-07T23:59:59.999Z"
"2023-04-06T00:00:00.000Z";"2023-04-06T23:59:59.999Z";"2023-04-06T14:48:00.000Z";"2023-04-06T00:10:00.000Z";0.8990997771;1.0341575041;0.8976302832;0.9494441307;12896085.46;126511813.71;"2023-04-06T23:59:59.999Z"
"2023-04-05T00:00:00.000Z";"2023-04-05T23:59:59.999Z";"2023-04-05T03:45:00.000Z";"2023-04-05T00:30:00.000Z";0.8935946454;0.9325475223;0.8871551424;0.8991181349;1290905.16;119805960.46;"2023-04-05T23:59:59.999Z"
"2023-04-04T00:00:00.000Z";"2023-04-04T23:59:59.999Z";"2023-04-04T21:33:00.000Z";"2023-04-04T00:59:00.000Z";0.8611249442;0.9012093779;0.8554818547;0.893396041;1048639.38;119043501.19;"2023-04-04T23:59:59.999Z"
"2023-04-03T00:00:00.000Z";"2023-04-03T23:59:59.999Z";"2023-04-03T00:04:00.000Z";"2023-04-03T21:12:00.000Z";0.8868402419;0.8870713689;0.847125129;0.8611727745;1318854.43;114749805.8;"2023-04-03T23:59:59.999Z"
"2023-04-02T00:00:00.000Z";"2023-04-02T23:59:59.999Z";"2023-04-02T05:48:00.000Z";"2023-04-02T20:07:00.000Z";0.8978733249;0.9022913303;0.8727764692;0.8870938113;1152949.16;118203739.81;"2023-04-02T23:59:59.999Z"
"2023-04-01T00:00:00.000Z";"2023-04-01T23:59:59.999Z";"2023-04-01T15:45:00.000Z";"2023-04-01T00:59:00.000Z";0.8856147648;0.9099618768;0.8828470887;0.8915701739;1088919;118800207.51;"2023-04-01T23:59:59.999Z"
"2023-03-31T00:00:00.000Z";"2023-03-31T23:59:59.999Z";"2023-03-31T15:15:00.000Z";"2023-03-31T10:10:00.000Z";0.8773920392;0.8881624644;0.8637096838;0.8855567181;850604.61;117998924.76;"2023-03-31T23:59:59.999Z"
"2023-03-30T00:00:00.000Z";"2023-03-30T23:59:59.999Z";"2023-03-30T02:41:00.000Z";"2023-03-30T17:55:00.000Z";0.8875816679;0.9010651369;0.8667303669;0.877167343;952664.52;116881054.81;"2023-03-30T23:59:59.999Z"
"2023-03-29T00:00:00.000Z";"2023-03-29T23:59:59.999Z";"2023-03-29T11:02:00.000Z";"2023-03-29T00:43:00.000Z";0.8701603919;0.8995328505;0.8678894317;0.8875969896;1095237.64;118270787.46;"2023-03-29T23:59:59.999Z"
"2023-03-28T00:00:00.000Z";"2023-03-28T23:59:59.999Z";"2023-03-28T12:11:00.000Z";"2023-03-28T01:12:00.000Z";0.8644980895;0.8887949407;0.8499027878;0.8702484888;1616300.38;115959129.27;"2023-03-28T23:59:59.999Z"
"2023-03-27T00:00:00.000Z";"2023-03-27T23:59:59.999Z";"2023-03-27T12:46:00.000Z";"2023-03-27T23:19:00.000Z";0.9089478845;0.9305540268;0.8584036836;0.8645133686;2117142.55;115194934.28;"2023-03-27T23:59:59.999Z"
"2023-03-26T00:00:00.000Z";"2023-03-26T23:59:59.999Z";"2023-03-26T14:04:00.000Z";"2023-03-26T00:16:00.000Z";0.880640067;0.920889513;0.8749046103;0.9089485192;1208278.74;121115842.43;"2023-03-26T23:59:59.999Z"
"2023-03-25T00:00:00.000Z";"2023-03-25T23:59:59.999Z";"2023-03-25T01:01:00.000Z";"2023-03-25T09:52:00.000Z";0.8764090317;0.895308255;0.8685707787;0.8804589346;904122.34;117319653.79;"2023-03-25T23:59:59.999Z"
"2023-03-24T00:00:00.000Z";"2023-03-24T23:59:59.999Z";"2023-03-24T03:52:00.000Z";"2023-03-24T21:37:00.000Z";0.9012833794;0.9100147117;0.8642039164;0.8749544861;1262435.17;116586195.41;"2023-03-24T23:59:59.999Z"
"2023-03-23T00:00:00.000Z";"2023-03-23T23:59:59.999Z";"2023-03-23T15:40:00.000Z";"2023-03-23T02:12:00.000Z";0.8638568076;0.9170293702;0.8583206531;0.9012271673;1580671.17;120086985.44;"2023-03-23T23:59:59.999Z"
"2023-03-22T00:00:00.000Z";"2023-03-22T23:59:59.999Z";"2023-03-22T11:10:00.000Z";"2023-03-22T20:01:00.000Z";0.8863669504;0.8926445583;0.8403608423;0.8638711888;1311570.97;115109364.91;"2023-03-22T23:59:59.999Z"
"2023-03-21T00:00:00.000Z";"2023-03-21T23:59:59.999Z";"2023-03-21T16:40:00.000Z";"2023-03-21T07:38:00.000Z";0.8566691657;0.8882527205;0.8528536477;0.886141224;664955.79;118076809.18;"2023-03-21T23:59:59.999Z"
"2023-03-20T00:00:00.000Z";"2023-03-20T23:59:59.999Z";"2023-03-20T08:03:00.000Z";"2023-03-20T23:58:00.000Z";0.8908317083;0.9083041533;0.8563074905;0.856422379;1173797.06;114116823.69;"2023-03-20T23:59:59.999Z"
"2023-03-19T00:00:00.000Z";"2023-03-19T23:59:59.999Z";"2023-03-19T19:35:00.000Z";"2023-03-19T07:24:00.000Z";0.8680288017;0.9016926626;0.86600249;0.8908219085;831960.16;118700502.42;"2023-03-19T23:59:59.999Z"
"2023-03-18T00:00:00.000Z";"2023-03-18T23:59:59.999Z";"2023-03-18T12:56:00.000Z";"2023-03-18T23:52:00.000Z";0.8919467218;0.925197036;0.8668450472;0.8679845241;1356776.06;115657459.83;"2023-03-18T23:59:59.999Z"
"2023-03-17T00:00:00.000Z";"2023-03-17T23:59:59.999Z";"2023-03-17T23:09:00.000Z";"2023-03-17T00:47:00.000Z";0.8390505789;0.8941913317;0.827886057;0.891410071;1191684.11;118778874.07;"2023-03-17T23:59:59.999Z"
"2023-03-16T00:00:00.000Z";"2023-03-16T23:59:59.999Z";"2023-03-16T23:46:00.000Z";"2023-03-16T00:02:00.000Z";0.8041995162;0.841275026;0.8003327703;0.8391094382;1202355.64;111809903.81;"2023-03-16T23:59:59.999Z"
"2023-03-15T00:00:00.000Z";"2023-03-15T23:59:59.999Z";"2023-03-15T08:12:00.000Z";"2023-03-15T17:48:00.000Z";0.884839328;0.8947363256;0.791878411;0.8038049009;2492652.85;107105634.32;"2023-03-15T23:59:59.999Z"
"2023-03-14T00:00:00.000Z";"2023-03-14T23:59:59.999Z";"2023-03-14T18:01:00.000Z";"2023-03-14T09:34:00.000Z";0.8482193987;0.9051463062;0.8298765469;0.8847756312;1974209.89;117894846.26;"2023-03-14T23:59:59.999Z"
"2023-03-13T00:00:00.000Z";"2023-03-13T23:59:59.999Z";"2023-03-13T15:10:00.000Z";"2023-03-13T10:04:00.000Z";0.7985538118;0.8646231505;0.7943944006;0.8481174651;2084349.81;113010208.06;"2023-03-13T23:59:59.999Z"
"2023-03-12T00:00:00.000Z";"2023-03-12T23:59:59.999Z";"2023-03-12T23:54:00.000Z";"2023-03-12T07:51:00.000Z";0.756150252;0.8036815218;0.743244802;0.7982069816;1099803.4;106359721.11;"2023-03-12T23:59:59.999Z"
"2023-03-11T00:00:00.000Z";"2023-03-11T23:59:59.999Z";"2023-03-11T02:07:00.000Z";"2023-03-11T08:09:00.000Z";0.7635962624;0.7780689299;0.7250702794;0.7559363044;2368687.63;100727225.36;"2023-03-11T23:59:59.999Z"
"2023-03-10T00:00:00.000Z";"2023-03-10T23:59:59.999Z";"2023-03-10T00:50:00.000Z";"2023-03-10T11:25:00.000Z";0.7689925287;0.7829439958;0.7287125943;0.7637955254;1633915.99;101774453.17;"2023-03-10T23:59:59.999Z"
"2023-03-09T00:00:00.000Z";"2023-03-09T23:59:59.999Z";"2023-03-09T14:25:00.000Z";"2023-03-09T21:01:00.000Z";0.8166616362;0.8467935353;0.7561242687;0.7687986929;1909482.06;102441116.71;"2023-03-09T23:59:59.999Z"
"2023-03-08T00:00:00.000Z";"2023-03-08T23:59:59.999Z";"2023-03-08T01:36:00.000Z";"2023-03-08T23:31:00.000Z";0.8406109879;0.8477344922;0.809278419;0.8165899372;1170293.47;108809218.65;"2023-03-08T23:59:59.999Z"
"2023-03-07T00:00:00.000Z";"2023-03-07T23:59:59.999Z";"2023-03-07T03:44:00.000Z";"2023-03-07T22:27:00.000Z";0.8486589675;0.8573569134;0.8256245333;0.8404721451;1228851.72;111991482.18;"2023-03-07T23:59:59.999Z"
"2023-03-06T00:00:00.000Z";"2023-03-06T23:59:59.999Z";"2023-03-06T00:05:00.000Z";"2023-03-06T06:04:00.000Z";0.8542743742;0.8549585236;0.8324223565;0.8485107605;1097624.52;113062614;"2023-03-06T23:59:59.999Z"
"2023-03-05T00:00:00.000Z";"2023-03-05T23:59:59.999Z";"2023-03-05T16:02:00.000Z";"2023-03-05T23:32:00.000Z";0.8657912562;0.8705434953;0.8487994465;0.8543095137;1590776.65;113835287.98;"2023-03-05T23:59:59.999Z"
"2023-03-04T00:00:00.000Z";"2023-03-04T23:59:59.999Z";"2023-03-04T18:57:00.000Z";"2023-03-04T22:18:00.000Z";0.8642046849;0.9073443267;0.8554626568;0.86594917;2831786.27;115386252.36;"2023-03-04T23:59:59.999Z"
"2023-03-03T00:00:00.000Z";"2023-03-03T23:59:59.999Z";"2023-03-03T00:09:00.000Z";"2023-03-03T02:13:00.000Z";0.8959295868;0.8994215225;0.8246195521;0.863928294;2435596.34;115116974.09;"2023-03-03T23:59:59.999Z"
"2023-03-02T00:00:00.000Z";"2023-03-02T23:59:59.999Z";"2023-03-02T00:42:00.000Z";"2023-03-02T18:28:00.000Z";0.9022677924;0.9099653142;0.8870921067;0.8958453722;1163353.91;119369870.4;"2023-03-02T23:59:59.999Z"
"2023-03-01T00:00:00.000Z";"2023-03-01T23:59:59.999Z";"2023-03-01T23:40:00.000Z";"2023-03-01T01:13:00.000Z";0.8858904078;0.9135275838;0.8810251978;0.9045531998;1662553.75;120530173.6;"2023-03-01T23:59:59.999Z"
"2023-02-28T00:00:00.000Z";"2023-02-28T23:59:59.999Z";"2023-02-28T04:03:00.000Z";"2023-02-28T22:04:00.000Z";0.9205950758;0.9233236767;0.8831258634;0.8859223658;1400725.93;118047646.69;"2023-02-28T23:59:59.999Z"
"2023-02-27T00:00:00.000Z";"2023-02-27T23:59:59.999Z";"2023-02-27T15:34:00.000Z";"2023-02-27T18:27:00.000Z";0.9131936687;0.9392504808;0.8983684725;0.9206786979;2138496.8;122678868.76;"2023-02-27T23:59:59.999Z"
"2023-02-26T00:00:00.000Z";"2023-02-26T23:59:59.999Z";"2023-02-26T20:43:00.000Z";"2023-02-26T00:17:00.000Z";0.8942055625;0.9215222759;0.8888451101;0.9133076604;1007076.89;121696690.57;"2023-02-26T23:59:59.999Z"
"2023-02-25T00:00:00.000Z";"2023-02-25T23:59:59.999Z";"2023-02-25T00:34:00.000Z";"2023-02-25T21:20:00.000Z";0.9123673026;0.9148217631;0.8748232558;0.8944343284;1223192.49;119181851.22;"2023-02-25T23:59:59.999Z"
"2023-02-24T00:00:00.000Z";"2023-02-24T23:59:59.999Z";"2023-02-24T09:07:00.000Z";"2023-02-24T16:07:00.000Z";0.9397756545;0.9456777978;0.9029220132;0.9122478753;2058747.95;121555476.01;"2023-02-24T23:59:59.999Z"
"2023-02-23T00:00:00.000Z";"2023-02-23T23:59:59.999Z";"2023-02-23T08:00:00.000Z";"2023-02-23T12:08:00.000Z";0.9597572653;0.9937027207;0.9214199222;0.9398166687;2603859.84;125228970.78;"2023-02-23T23:59:59.999Z"
"2023-02-22T00:00:00.000Z";"2023-02-22T23:59:59.999Z";"2023-02-22T00:07:00.000Z";"2023-02-22T15:30:00.000Z";0.9831323423;0.9887754789;0.9123793976;0.9595545659;3049983.82;127859011.98;"2023-02-22T23:59:59.999Z"
"2023-02-21T00:00:00.000Z";"2023-02-21T23:59:59.999Z";"2023-02-21T19:12:00.000Z";"2023-02-21T12:27:00.000Z";1.0036517636;1.1016636901;0.9704609605;0.9830288108;8796063.56;130986915.14;"2023-02-21T23:59:59.999Z"
"2023-02-20T00:00:00.000Z";"2023-02-20T23:59:59.999Z";"2023-02-20T07:10:00.000Z";"2023-02-20T01:27:00.000Z";0.9429215107;1.0174718451;0.9241237686;1.0037706534;4426051.98;133750730.35;"2023-02-20T23:59:59.999Z"
"2023-02-19T00:00:00.000Z";"2023-02-19T23:59:59.999Z";"2023-02-19T16:34:00.000Z";"2023-02-19T09:54:00.000Z";0.946090633;0.9855130113;0.937131757;0.9424399412;2886817.11;125578517.39;"2023-02-19T23:59:59.999Z"
"2023-02-18T00:00:00.000Z";"2023-02-18T23:59:59.999Z";"2023-02-18T17:05:00.000Z";"2023-02-18T21:20:00.000Z";0.9382538264;0.9536910188;0.9323513111;0.9463595501;2023537.16;126100798.59;"2023-02-18T23:59:59.999Z"
"2023-02-17T00:00:00.000Z";"2023-02-17T23:59:59.999Z";"2023-02-17T12:01:00.000Z";"2023-02-17T00:05:00.000Z";0.906631146;0.9695760166;0.9013810159;0.9382657483;4575701;125022313.29;"2023-02-17T23:59:59.999Z"
"2023-02-16T00:00:00.000Z";"2023-02-16T23:59:59.999Z";"2023-02-16T20:11:00.000Z";"2023-02-16T14:10:00.000Z";0.9066948206;0.9655857438;0.875728738;0.9070797973;6128825.53;120866838.41;"2023-02-16T23:59:59.999Z"
"2023-02-15T00:00:00.000Z";"2023-02-15T23:59:59.999Z";"2023-02-15T20:16:00.000Z";"2023-02-15T01:41:00.000Z";0.849955434;0.9157256362;0.8437662388;0.9066533123;2383379.3;120810010.02;"2023-02-15T23:59:59.999Z"
"2023-02-14T00:00:00.000Z";"2023-02-14T23:59:59.999Z";"2023-02-14T21:01:00.000Z";"2023-02-14T03:46:00.000Z";0.827243786;0.8502687868;0.8231537786;0.8501623616;1477943.22;113282687.04;"2023-02-14T23:59:59.999Z"
"2023-02-13T00:00:00.000Z";"2023-02-13T23:59:59.999Z";"2023-02-13T07:40:00.000Z";"2023-02-13T10:26:00.000Z";0.844386192;0.8548655481;0.8168349249;0.8274733415;1566200.88;110259413.73;"2023-02-13T23:59:59.999Z"
"2023-02-12T00:00:00.000Z";"2023-02-12T23:59:59.999Z";"2023-02-12T14:50:00.000Z";"2023-02-12T05:53:00.000Z";0.846616128;0.8791538788;0.8320807971;0.8444456733;2212246.51;112520948.04;"2023-02-12T23:59:59.999Z"
"2023-02-11T00:00:00.000Z";"2023-02-11T23:59:59.999Z";"2023-02-11T23:17:00.000Z";"2023-02-11T18:52:00.000Z";0.8316437835;0.8520142082;0.8227387748;0.8465747032;1607144.68;112804637.66;"2023-02-11T23:59:59.999Z"
"2023-02-10T00:00:00.000Z";"2023-02-10T23:59:59.999Z";"2023-02-10T07:46:00.000Z";"2023-02-10T01:33:00.000Z";0.8102037673;0.8346658349;0.8030086123;0.8315785362;2155110.85;110806423.94;"2023-02-10T23:59:59.999Z"
"2023-02-09T00:00:00.000Z";"2023-02-09T23:59:59.999Z";"2023-02-09T00:06:00.000Z";"2023-02-09T23:57:00.000Z";0.8767931668;0.8796515642;0.8099517865;0.8099846454;2833813.19;107929074.77;"2023-02-09T23:59:59.999Z"
"2023-02-08T00:00:00.000Z";"2023-02-08T23:59:59.999Z";"2023-02-08T05:06:00.000Z";"2023-02-08T16:45:00.000Z";0.8943418385;0.9203376539;0.8602676601;0.8765870945;3591352.57;116803737.69;"2023-02-08T23:59:59.999Z"
"2023-02-07T00:00:00.000Z";"2023-02-07T23:59:59.999Z";"2023-02-07T23:55:00.000Z";"2023-02-07T00:02:00.000Z";0.8430270279;0.8972225825;0.8418814484;0.8943519365;2504564.69;119170872.64;"2023-02-07T23:59:59.999Z"
"2023-02-06T00:00:00.000Z";"2023-02-06T23:59:59.999Z";"2023-02-06T01:27:00.000Z";"2023-02-06T15:30:00.000Z";0.8688456376;0.8700430617;0.8297258275;0.8430766871;2190096.09;112338532.96;"2023-02-06T23:59:59.999Z"
"2023-02-05T00:00:00.000Z";"2023-02-05T23:59:59.999Z";"2023-02-05T10:18:00.000Z";"2023-02-05T19:29:00.000Z";0.8855798848;0.9071816545;0.8567475456;0.8685395517;1991639.92;115731416.32;"2023-02-05T23:59:59.999Z"
"2023-02-04T00:00:00.000Z";"2023-02-04T23:59:59.999Z";"2023-02-04T15:16:00.000Z";"2023-02-04T00:13:00.000Z";0.8584788334;0.9046671017;0.8567323031;0.8856426852;2264351.67;118010379.73;"2023-02-04T23:59:59.999Z"
"2023-02-03T00:00:00.000Z";"2023-02-03T23:59:59.999Z";"2023-02-03T16:30:00.000Z";"2023-02-03T02:46:00.000Z";0.8469037062;0.8690814443;0.841380339;0.8583439126;1908646.22;114372864.77;"2023-02-03T23:59:59.999Z"
"2023-02-02T00:00:00.000Z";"2023-02-02T23:59:59.999Z";"2023-02-02T04:56:00.000Z";"2023-02-02T23:58:00.000Z";0.8681118361;0.8910889365;0.8471868832;0.8472950648;2774121.81;112900624.62;"2023-02-02T23:59:59.999Z"
"2023-02-01T00:00:00.000Z";"2023-02-01T23:59:59.999Z";"2023-02-01T21:19:00.000Z";"2023-02-01T17:19:00.000Z";0.8689835261;0.892485042;0.8113923706;0.8680831091;4613209.25;115670596.12;"2023-02-01T23:59:59.999Z"
"2023-01-31T00:00:00.000Z";"2023-01-31T23:59:59.999Z";"2023-01-31T07:33:00.000Z";"2023-01-31T00:25:00.000Z";0.8142565488;1.0006577937;0.8121707448;0.8693519157;13131177.18;115839662.43;"2023-01-31T23:59:59.999Z"
"2023-01-30T00:00:00.000Z";"2023-01-30T23:59:59.999Z";"2023-01-30T09:07:00.000Z";"2023-01-30T21:47:00.000Z";0.8455928003;0.9355277989;0.8062396516;0.8141883636;8067696.78;108489213.05;"2023-01-30T23:59:59.999Z"
"2023-01-29T00:00:00.000Z";"2023-01-29T23:59:59.999Z";"2023-01-29T18:32:00.000Z";"2023-01-29T00:01:00.000Z";0.8085631021;0.863360021;0.8079847241;0.845485933;2580593.32;112659560.88;"2023-01-29T23:59:59.999Z"
"2023-01-28T00:00:00.000Z";"2023-01-28T23:59:59.999Z";"2023-01-28T06:09:00.000Z";"2023-01-28T22:28:00.000Z";0.8143271985;0.8238746572;0.8000850827;0.8083222141;1134600.35;107707558.62;"2023-01-28T23:59:59.999Z"
"2023-01-27T00:00:00.000Z";"2023-01-27T23:59:59.999Z";"2023-01-27T20:14:00.000Z";"2023-01-27T03:25:00.000Z";0.785317199;0.8169356347;0.7668588799;0.8143214609;1625804.58;108506948.04;"2023-01-27T23:59:59.999Z"
"2023-01-26T00:00:00.000Z";"2023-01-26T23:59:59.999Z";"2023-01-26T14:37:00.000Z";"2023-01-26T10:50:00.000Z";0.7928360429;0.7998847608;0.7799939984;0.7849494883;1390791.45;104593182.71;"2023-01-26T23:59:59.999Z"
"2023-01-25T00:00:00.000Z";"2023-01-25T23:59:59.999Z";"2023-01-25T22:08:00.000Z";"2023-01-25T01:52:00.000Z";0.7819980656;0.807378799;0.7617830798;0.7930651484;1818614.94;105674580.59;"2023-01-25T23:59:59.999Z"
"2023-01-24T00:00:00.000Z";"2023-01-24T23:59:59.999Z";"2023-01-24T05:52:00.000Z";"2023-01-24T23:26:00.000Z";0.8178816676;0.8565003121;0.7758001863;0.7820074021;2746911.28;104201154.73;"2023-01-24T23:59:59.999Z"
"2023-01-23T00:00:00.000Z";"2023-01-23T23:59:59.999Z";"2023-01-23T04:40:00.000Z";"2023-01-23T17:52:00.000Z";0.8190907703;0.8422919553;0.8011016561;0.8182694906;2635792.43;109033016.28;"2023-01-23T23:59:59.999Z"
"2023-01-22T00:00:00.000Z";"2023-01-22T23:59:59.999Z";"2023-01-22T17:55:00.000Z";"2023-01-22T03:33:00.000Z";0.7851062342;0.8251487445;0.78201775;0.8193514191;2182399.06;109177181.4;"2023-01-22T23:59:59.999Z"
"2023-01-21T00:00:00.000Z";"2023-01-21T23:59:59.999Z";"2023-01-21T13:27:00.000Z";"2023-01-21T23:54:00.000Z";0.7957499353;0.8059471208;0.7846516269;0.7849724045;1353037.54;104596236.25;"2023-01-21T23:59:59.999Z"
"2023-01-20T00:00:00.000Z";"2023-01-20T23:59:59.999Z";"2023-01-20T22:39:00.000Z";"2023-01-20T00:03:00.000Z";0.7587680695;0.7977471943;0.7567614301;0.7956685529;1071018.36;106021479.82;"2023-01-20T23:59:59.999Z"
"2023-01-19T00:00:00.000Z";"2023-01-19T23:59:59.999Z";"2023-01-19T23:39:00.000Z";"2023-01-19T00:24:00.000Z";0.7396957545;0.761453748;0.7366868886;0.7587810284;832371.67;101106279.99;"2023-01-19T23:59:59.999Z"
"2023-01-18T00:00:00.000Z";"2023-01-18T23:59:59.999Z";"2023-01-18T15:42:00.000Z";"2023-01-18T16:46:00.000Z";0.7629216108;0.7861044438;0.7340014251;0.7398668597;2245698.45;98585999.21;"2023-01-18T23:59:59.999Z"
"2023-01-17T00:00:00.000Z";"2023-01-17T23:59:59.999Z";"2023-01-17T01:02:00.000Z";"2023-01-17T23:49:00.000Z";0.7939409325;0.7975114804;0.7595572673;0.762993417;2402849.46;101667573.6;"2023-01-17T23:59:59.999Z"
"2023-01-16T00:00:00.000Z";"2023-01-16T23:59:59.999Z";"2023-01-16T06:50:00.000Z";"2023-01-16T14:19:00.000Z";0.7935137723;0.8157943922;0.7833949199;0.7937684119;2083672.47;105768289.26;"2023-01-16T23:59:59.999Z"
"2023-01-15T00:00:00.000Z";"2023-01-15T23:59:59.999Z";"2023-01-15T19:18:00.000Z";"2023-01-15T07:40:00.000Z";0.7973279127;0.8025870382;0.769259269;0.7938381981;1392837.2;105777588.15;"2023-01-15T23:59:59.999Z"
"2023-01-14T00:00:00.000Z";"2023-01-14T23:59:59.999Z";"2023-01-14T09:06:00.000Z";"2023-01-14T00:13:00.000Z";0.7826069327;0.843967016;0.781149038;0.7969797314;3214560.98;106196192.12;"2023-01-14T23:59:59.999Z"
"2023-01-13T00:00:00.000Z";"2023-01-13T23:59:59.999Z";"2023-01-13T21:58:00.000Z";"2023-01-13T02:02:00.000Z";0.7485642724;0.7824527323;0.7360429846;0.7822018072;1732676.91;104227058.88;"2023-01-13T23:59:59.999Z"
"2023-01-12T00:00:00.000Z";"2023-01-12T23:59:59.999Z";"2023-01-12T20:27:00.000Z";"2023-01-12T16:14:00.000Z";0.7538425292;0.7655741846;0.7360637391;0.7484760186;1705198.91;99733154.98;"2023-01-12T23:59:59.999Z"
"2023-01-11T00:00:00.000Z";"2023-01-11T23:59:59.999Z";"2023-01-11T18:59:00.000Z";"2023-01-11T00:01:00.000Z";0.7295465264;0.7683662638;0.7265680499;0.7538383335;3471298.39;100447674.31;"2023-01-11T23:59:59.999Z"
"2023-01-10T00:00:00.000Z";"2023-01-10T23:59:59.999Z";"2023-01-10T21:36:00.000Z";"2023-01-10T03:14:00.000Z";0.7096791281;0.7408101453;0.6982507988;0.7298780461;1749365.54;97255006.81;"2023-01-10T23:59:59.999Z"
"2023-01-09T00:00:00.000Z";"2023-01-09T23:59:59.999Z";"2023-01-09T08:31:00.000Z";"2023-01-09T22:46:00.000Z";0.7149645234;0.7554983476;0.7046556412;0.7096664234;2677583.09;94561842.51;"2023-01-09T23:59:59.999Z"
"2023-01-08T00:00:00.000Z";"2023-01-08T23:59:59.999Z";"2023-01-08T03:18:00.000Z";"2023-01-08T00:49:00.000Z";0.7126748591;0.7426934284;0.7062318532;0.714921701;2157675.93;95262099.29;"2023-01-08T23:59:59.999Z"
"2023-01-07T00:00:00.000Z";"2023-01-07T23:59:59.999Z";"2023-01-07T23:32:00.000Z";"2023-01-07T08:25:00.000Z";0.6896282425;0.717905933;0.6797411465;0.7128023749;1651751.18;94979702.7;"2023-01-07T23:59:59.999Z"
"2023-01-06T00:00:00.000Z";"2023-01-06T23:59:59.999Z";"2023-01-06T00:50:00.000Z";"2023-01-06T07:18:00.000Z";0.71795853;0.7231843428;0.6768827057;0.6896921399;2535397.92;91900303.24;"2023-01-06T23:59:59.999Z"
"2023-01-05T00:00:00.000Z";"2023-01-05T23:59:59.999Z";"2023-01-05T07:33:00.000Z";"2023-01-05T00:24:00.000Z";0.6605244926;0.8053091107;0.657569039;0.7172126348;16845543.71;95567362.33;"2023-01-05T23:59:59.999Z"
"2023-01-04T00:00:00.000Z";"2023-01-04T23:59:59.999Z";"2023-01-04T08:13:00.000Z";"2023-01-04T00:14:00.000Z";0.6403148139;0.6655755838;0.6394342183;0.6605911523;864438.97;88022646.19;"2023-01-04T23:59:59.999Z"
"2023-01-03T00:00:00.000Z";"2023-01-03T23:59:59.999Z";"2023-01-03T20:46:00.000Z";"2023-01-03T16:47:00.000Z";0.6434591347;0.6482518809;0.6362176402;0.6404395761;652048.63;85337482.98;"2023-01-03T23:59:59.999Z"
"2023-01-02T00:00:00.000Z";"2023-01-02T23:59:59.999Z";"2023-01-02T22:14:00.000Z";"2023-01-02T03:31:00.000Z";0.6390234677;0.6499698587;0.6321661537;0.6435075951;598428.54;85746291.29;"2023-01-02T23:59:59.999Z"
"2023-01-01T00:00:00.000Z";"2023-01-01T23:59:59.999Z";"2023-01-01T21:57:00.000Z";"2023-01-01T03:13:00.000Z";0.6348624595;0.6427956637;0.6325725638;0.6390349548;550875.81;85150319.58;"2023-01-01T23:59:59.999Z"
"2022-12-31T00:00:00.000Z";"2022-12-31T23:59:59.999Z";"2022-12-31T03:19:00.000Z";"2022-12-31T23:37:00.000Z";0.6437702703;0.6510497366;0.6333811251;0.634887404;689734.7;84597665.5;"2022-12-31T23:59:59.999Z"
"2022-12-30T00:00:00.000Z";"2022-12-30T23:59:59.999Z";"2022-12-30T05:50:00.000Z";"2022-12-30T17:21:00.000Z";0.6424887161;0.6472251753;0.6333173589;0.6437560491;649548.63;85779397.36;"2022-12-30T23:59:59.999Z"
"2022-12-29T00:00:00.000Z";"2022-12-29T23:59:59.999Z";"2022-12-29T15:31:00.000Z";"2022-12-29T23:33:00.000Z";0.64769466;0.6527066145;0.6394762757;0.6424295678;709815.98;85602645.98;"2022-12-29T23:59:59.999Z"
"2022-12-28T00:00:00.000Z";"2022-12-28T23:59:59.999Z";"2022-12-28T17:23:00.000Z";"2022-12-28T09:48:00.000Z";0.6636800958;0.6748291487;0.6341433329;0.647721354;1809656.33;86307767.48;"2022-12-28T23:59:59.999Z"
"2022-12-27T00:00:00.000Z";"2022-12-27T23:59:59.999Z";"2022-12-27T14:18:00.000Z";"2022-12-27T18:01:00.000Z";0.6597062524;0.6689708719;0.6545400014;0.6635865868;628649.76;88421782.73;"2022-12-27T23:59:59.999Z"
"2022-12-26T00:00:00.000Z";"2022-12-26T23:59:59.999Z";"2022-12-26T17:22:00.000Z";"2022-12-26T13:56:00.000Z";0.6613952912;0.6668106772;0.6509111208;0.6594650333;684147.17;87872592.76;"2022-12-26T23:59:59.999Z"
"2022-12-25T00:00:00.000Z";"2022-12-25T23:59:59.999Z";"2022-12-25T19:01:00.000Z";"2022-12-25T01:00:00.000Z";0.6574286634;0.667822948;0.6540858104;0.6612825931;966046.94;88114779.51;"2022-12-25T23:59:59.999Z"
"2022-12-24T00:00:00.000Z";"2022-12-24T23:59:59.999Z";"2022-12-24T00:55:00.000Z";"2022-12-24T06:37:00.000Z";0.6608155504;0.6651021408;0.6519401198;0.6573430731;538667.21;87589845.17;"2022-12-24T23:59:59.999Z"
"2022-12-23T00:00:00.000Z";"2022-12-23T23:59:59.999Z";"2022-12-23T15:45:00.000Z";"2022-12-23T23:55:00.000Z";0.6657988669;0.6726670335;0.6606661745;0.6607830887;434098.41;88048221.39;"2022-12-23T23:59:59.999Z"
"2022-12-22T00:00:00.000Z";"2022-12-22T23:59:59.999Z";"2022-12-22T10:52:00.000Z";"2022-12-22T18:12:00.000Z";0.6653511571;0.6755250993;0.650746584;0.6659113716;733735.2;88731556.35;"2022-12-22T23:59:59.999Z"
"2022-12-21T00:00:00.000Z";"2022-12-21T23:59:59.999Z";"2022-12-21T02:17:00.000Z";"2022-12-21T22:44:00.000Z";0.7021423756;0.7029491199;0.6606704087;0.6651065063;911985.97;88624309.42;"2022-12-21T23:59:59.999Z"
"2022-12-20T00:00:00.000Z";"2022-12-20T23:59:59.999Z";"2022-12-20T10:39:00.000Z";"2022-12-20T00:09:00.000Z";0.6802189494;0.7318444516;0.6787256963;0.7023447202;1716410.66;93586238.02;"2022-12-20T23:59:59.999Z"
"2022-12-19T00:00:00.000Z";"2022-12-19T23:59:59.999Z";"2022-12-19T00:17:00.000Z";"2022-12-19T22:53:00.000Z";0.6977155185;0.7023532396;0.6726541063;0.6800141195;1281818.31;90610723.49;"2022-12-19T23:59:59.999Z"
"2022-12-18T00:00:00.000Z";"2022-12-18T23:59:59.999Z";"2022-12-18T18:40:00.000Z";"2022-12-18T17:52:00.000Z";0.7020386677;0.707973821;0.6782619945;0.6978034348;902341.56;92981119.46;"2022-12-18T23:59:59.999Z"
"2022-12-17T00:00:00.000Z";"2022-12-17T23:59:59.999Z";"2022-12-17T05:43:00.000Z";"2022-12-17T02:46:00.000Z";0.6915556019;0.7095910364;0.6842639775;0.7019811622;967362.26;93537794.53;"2022-12-17T23:59:59.999Z"
"2022-12-16T00:00:00.000Z";"2022-12-16T23:59:59.999Z";"2022-12-16T07:18:00.000Z";"2022-12-16T23:53:00.000Z";0.7591405227;0.7721382144;0.6910396895;0.691776564;2029895.94;92178049.2;"2022-12-16T23:59:59.999Z"
"2022-12-15T00:00:00.000Z";"2022-12-15T23:59:59.999Z";"2022-12-15T01:25:00.000Z";"2022-12-15T16:52:00.000Z";0.7664696699;0.7692176551;0.7527955972;0.7592499608;916747.65;101168764.43;"2022-12-15T23:59:59.999Z"
"2022-12-14T00:00:00.000Z";"2022-12-14T23:59:59.999Z";"2022-12-14T03:09:00.000Z";"2022-12-14T22:38:00.000Z";0.7782270811;0.7907491546;0.7599208995;0.7647565117;1860053.37;101902502.96;"2022-12-14T23:59:59.999Z"
"2022-12-13T00:00:00.000Z";"2022-12-13T23:59:59.999Z";"2022-12-13T23:41:00.000Z";"2022-12-13T08:12:00.000Z";0.7695709998;0.78071633;0.749410953;0.7785821855;2420593.36;103744750.45;"2022-12-13T23:59:59.999Z"
"2022-12-12T00:00:00.000Z";"2022-12-12T23:59:59.999Z";"2022-12-12T16:07:00.000Z";"2022-12-12T02:59:00.000Z";0.7571801175;0.8111073342;0.7439354715;0.7692336365;5400298.02;102499072.21;"2022-12-12T23:59:59.999Z"
"2022-12-11T00:00:00.000Z";"2022-12-11T23:59:59.999Z";"2022-12-11T00:13:00.000Z";"2022-12-11T23:57:00.000Z";0.767307724;0.7706556096;0.7551090999;0.7571534022;3798358.02;100889401.56;"2022-12-11T23:59:59.999Z"
"2022-12-10T00:00:00.000Z";"2022-12-10T23:59:59.999Z";"2022-12-10T20:56:00.000Z";"2022-12-10T21:23:00.000Z";0.7622052534;0.8053234206;0.7575817032;0.767560524;2755715.49;102276132.82;"2022-12-10T23:59:59.999Z"
"2022-12-09T00:00:00.000Z";"2022-12-09T23:59:59.999Z";"2022-12-09T11:58:00.000Z";"2022-12-09T23:48:00.000Z";0.7664672497;0.7869265035;0.7558754245;0.762378824;1613944.71;101585680.12;"2022-12-09T23:59:59.999Z"
"2022-12-08T00:00:00.000Z";"2022-12-08T23:59:59.999Z";"2022-12-08T21:23:00.000Z";"2022-12-08T13:11:00.000Z";0.7647997586;0.7923577272;0.7550286964;0.7664119873;2294319.27;102123092.27;"2022-12-08T23:59:59.999Z"
"2022-12-07T00:00:00.000Z";"2022-12-07T23:59:59.999Z";"2022-12-07T00:37:00.000Z";"2022-12-07T07:52:00.000Z";0.7722752486;0.7804650921;0.7473560664;0.764632;2238746.95;101885911.98;"2022-12-07T23:59:59.999Z"
"2022-12-06T00:00:00.000Z";"2022-12-06T23:59:59.999Z";"2022-12-06T01:32:00.000Z";"2022-12-06T12:42:00.000Z";0.7775652381;0.8133681477;0.7594663832;0.7727545779;2349898.42;102968231.66;"2022-12-06T23:59:59.999Z"
"2022-12-05T00:00:00.000Z";"2022-12-05T23:59:59.999Z";"2022-12-05T11:21:00.000Z";"2022-12-05T20:26:00.000Z";0.7559548796;0.8379306897;0.7539478732;0.7775281171;4545492.96;103604297.63;"2022-12-05T23:59:59.999Z"
"2022-12-04T00:00:00.000Z";"2022-12-04T23:59:59.999Z";"2022-12-04T22:00:00.000Z";"2022-12-04T14:01:00.000Z";0.7534113467;0.7640074769;0.747210098;0.7558376268;2270112.08;100714076.73;"2022-12-04T23:59:59.999Z"
"2022-12-03T00:00:00.000Z";"2022-12-03T23:59:59.999Z";"2022-12-03T18:05:00.000Z";"2022-12-03T20:12:00.000Z";0.7717388346;0.8284233969;0.7495867983;0.7531128952;5861211.09;100351010.89;"2022-12-03T23:59:59.999Z"
"2022-12-02T00:00:00.000Z";"2022-12-02T23:59:59.999Z";"2022-12-02T22:01:00.000Z";"2022-12-02T08:07:00.000Z";0.7614561605;0.7881406688;0.7467304923;0.7712567871;3458194.24;102768653.59;"2022-12-02T23:59:59.999Z"
"2022-12-01T00:00:00.000Z";"2022-12-01T23:59:59.999Z";"2022-12-01T06:46:00.000Z";"2022-12-01T19:18:00.000Z";0.7596825003;0.7839617012;0.7336286589;0.7605797062;5139808.84;101345950.74;"2022-12-01T23:59:59.999Z"
"2022-11-30T00:00:00.000Z";"2022-11-30T23:59:59.999Z";"2022-11-30T05:32:00.000Z";"2022-11-30T21:15:00.000Z";0.7565122008;0.7906904994;0.7399759181;0.7596742305;4718632.64;101225297.64;"2022-11-30T23:59:59.999Z"
"2022-11-29T00:00:00.000Z";"2022-11-29T23:59:59.999Z";"2022-11-29T12:47:00.000Z";"2022-11-29T00:46:00.000Z";0.751130966;0.785192903;0.741527212;0.7563455528;4447360.03;100781757.01;"2022-11-29T23:59:59.999Z"
"2022-11-28T00:00:00.000Z";"2022-11-28T23:59:59.999Z";"2022-11-28T09:47:00.000Z";"2022-11-28T23:47:00.000Z";0.8083088272;0.8913054035;0.750922268;0.7529749076;12896749.34;100332624.28;"2022-11-28T23:59:59.999Z"
"2022-11-27T00:00:00.000Z";"2022-11-27T23:59:59.999Z";"2022-11-27T18:24:00.000Z";"2022-11-27T11:53:00.000Z";0.7795073093;0.8356347643;0.7751960192;0.8084117553;7809132.42;107719489.84;"2022-11-27T23:59:59.999Z"
"2022-11-26T00:00:00.000Z";"2022-11-26T23:59:59.999Z";"2022-11-26T10:50:00.000Z";"2022-11-26T23:25:00.000Z";0.8047224825;0.8500731252;0.7616539285;0.7773521452;7073623.47;103580849.68;"2022-11-26T23:59:59.999Z"
"2022-11-25T00:00:00.000Z";"2022-11-25T23:59:59.999Z";"2022-11-25T18:47:00.000Z";"2022-11-25T22:57:00.000Z";0.8593690713;0.8972138281;0.7923669447;0.8047076344;14364185.73;107225922.03;"2022-11-25T23:59:59.999Z"
"2022-11-24T00:00:00.000Z";"2022-11-24T23:59:59.999Z";"2022-11-24T03:02:00.000Z";"2022-11-24T19:45:00.000Z";1.085780923;1.2098268513;0.8043391209;0.8610140992;61762779.85;114728662.58;"2022-11-24T23:59:59.999Z"
"2022-11-23T00:00:00.000Z";"2022-11-23T23:59:59.999Z";"2022-11-23T14:07:00.000Z";"2022-11-23T02:19:00.000Z";0.5815384984;1.4609583782;0.5771777918;1.0894709593;156931943.86;145170150.18;"2022-11-23T23:59:59.999Z"
"2022-11-22T00:00:00.000Z";"2022-11-22T23:59:59.999Z";"2022-11-22T22:59:00.000Z";"2022-11-22T10:17:00.000Z";0.5687654589;0.5842040851;0.5428126806;0.5814543554;1197264.4;77477802.76;"2022-11-22T23:59:59.999Z"
"2022-11-21T00:00:00.000Z";"2022-11-21T23:59:59.999Z";"2022-11-21T00:07:00.000Z";"2022-11-21T19:41:00.000Z";0.5816848251;0.5835307623;0.558723491;0.5687845868;810278.88;75789577.67;"2022-11-21T23:59:59.999Z"
"2022-11-20T00:00:00.000Z";"2022-11-20T23:59:59.999Z";"2022-11-20T16:06:00.000Z";"2022-11-20T22:44:00.000Z";0.5909269255;0.6028793567;0.5811574668;0.581895837;732049.07;77536629.43;"2022-11-20T23:59:59.999Z"
"2022-11-19T00:00:00.000Z";"2022-11-19T23:59:59.999Z";"2022-11-19T00:19:00.000Z";"2022-11-19T20:05:00.000Z";0.5939586666;0.5958447195;0.5838096796;0.590862172;645520.17;78731378.3;"2022-11-19T23:59:59.999Z"
"2022-11-18T00:00:00.000Z";"2022-11-18T23:59:59.999Z";"2022-11-18T03:07:00.000Z";"2022-11-18T21:55:00.000Z";0.5954777787;0.6110893947;0.5910207843;0.5940390298;564895.4;79154689.2;"2022-11-18T23:59:59.999Z"
"2022-11-17T00:00:00.000Z";"2022-11-17T23:59:59.999Z";"2022-11-17T01:10:00.000Z";"2022-11-17T17:48:00.000Z";0.5959524999;0.6016017474;0.5888747065;0.5954693575;569419.47;79345277.93;"2022-11-17T23:59:59.999Z"
"2022-11-16T00:00:00.000Z";"2022-11-16T23:59:59.999Z";"2022-11-16T05:35:00.000Z";"2022-11-16T16:47:00.000Z";0.598454688;0.604124348;0.5888555739;0.597011773;477641.64;79550802.16;"2022-11-16T23:59:59.999Z"
"2022-11-15T00:00:00.000Z";"2022-11-15T23:59:59.999Z";"2022-11-15T17:49:00.000Z";"2022-11-15T00:39:00.000Z";0.5954386342;0.6115480241;0.5918336314;0.5984930697;659613.52;79748182.43;"2022-11-15T23:59:59.999Z"
"2022-11-14T00:00:00.000Z";"2022-11-14T23:59:59.999Z";"2022-11-14T18:57:00.000Z";"2022-11-14T06:27:00.000Z";0.5916058222;0.5974397501;0.5692833799;0.5951884622;1276792.06;79307849.1;"2022-11-14T23:59:59.999Z"
"2022-11-13T00:00:00.000Z";"2022-11-13T23:59:59.999Z";"2022-11-13T06:06:00.000Z";"2022-11-13T21:07:00.000Z";0.6065286555;0.616120145;0.5843887685;0.5924292716;770622.43;78940191.66;"2022-11-13T23:59:59.999Z"
"2022-11-12T00:00:00.000Z";"2022-11-12T23:59:59.999Z";"2022-11-12T00:30:00.000Z";"2022-11-12T16:23:00.000Z";0.6121568264;0.617631191;0.5973724828;0.6065611728;547323.49;80823243.43;"2022-11-12T23:59:59.999Z"
"2022-11-11T00:00:00.000Z";"2022-11-11T23:59:59.999Z";"2022-11-11T01:18:00.000Z";"2022-11-11T21:47:00.000Z";0.6640114259;0.6682555403;0.6024852707;0.6120532955;1504039.78;81555059.43;"2022-11-11T23:59:59.999Z"
"2022-11-10T00:00:00.000Z";"2022-11-10T23:59:59.999Z";"2022-11-10T22:47:00.000Z";"2022-11-10T00:02:00.000Z";0.5894437078;0.6659576474;0.589309659;0.6642878541;1599281.39;88515225.41;"2022-11-10T23:59:59.999Z"
"2022-11-09T00:00:00.000Z";"2022-11-09T23:59:59.999Z";"2022-11-09T00:34:00.000Z";"2022-11-09T22:11:00.000Z";0.6724141699;0.6812124635;0.576759099;0.5895542016;2471863.14;78557093.47;"2022-11-09T23:59:59.999Z"
"2022-11-08T00:00:00.000Z";"2022-11-08T23:59:59.999Z";"2022-11-08T02:30:00.000Z";"2022-11-08T19:35:00.000Z";0.7653045031;0.7726566548;0.6459139742;0.6720108144;4930501.35;89544296.72;"2022-11-08T23:59:59.999Z"
"2022-11-07T00:00:00.000Z";"2022-11-07T23:59:59.999Z";"2022-11-07T04:05:00.000Z";"2022-11-07T17:29:00.000Z";0.7708004576;0.7793817845;0.7590742555;0.7636160104;1297586.93;101750533.1;"2022-11-07T23:59:59.999Z"
"2022-11-06T00:00:00.000Z";"2022-11-06T23:59:59.999Z";"2022-11-06T00:13:00.000Z";"2022-11-06T23:54:00.000Z";0.7858032624;0.7909268337;0.7686580339;0.7708892164;1179655.43;102719675.41;"2022-11-06T23:59:59.999Z"
"2022-11-05T00:00:00.000Z";"2022-11-05T23:59:59.999Z";"2022-11-05T07:00:00.000Z";"2022-11-05T23:57:00.000Z";0.7879316356;0.8011775321;0.7832113549;0.7854614532;1828302.38;104661401.16;"2022-11-05T23:59:59.999Z"
"2022-11-04T00:00:00.000Z";"2022-11-04T23:59:59.999Z";"2022-11-04T23:11:00.000Z";"2022-11-04T00:05:00.000Z";0.7504296993;0.7920077836;0.7498825979;0.787960052;2513704.7;104994335.2;"2022-11-04T23:59:59.999Z"
"2022-11-03T00:00:00.000Z";"2022-11-03T23:59:59.999Z";"2022-11-03T09:08:00.000Z";"2022-11-03T00:16:00.000Z";0.7239969732;0.7572854309;0.7233719841;0.750163359;1573580.35;99957990.21;"2022-11-03T23:59:59.999Z"
"2022-11-02T00:00:00.000Z";"2022-11-02T23:59:59.999Z";"2022-11-02T05:05:00.000Z";"2022-11-02T21:18:00.000Z";0.7485048739;0.7557821003;0.715514748;0.7241578409;1415335.06;96492799.21;"2022-11-02T23:59:59.999Z"
"2022-11-01T00:00:00.000Z";"2022-11-01T23:59:59.999Z";"2022-11-01T11:07:00.000Z";"2022-11-01T22:33:00.000Z";0.7581385429;0.7651513526;0.7454682626;0.7485843651;917784.43;99747591.96;"2022-11-01T23:59:59.999Z"
"2022-10-31T00:00:00.000Z";"2022-10-31T23:59:59.999Z";"2022-10-31T16:07:00.000Z";"2022-10-31T02:24:00.000Z";0.7412246159;0.7619011691;0.7330544139;0.7587387472;1418167.42;101100646.09;"2022-10-31T23:59:59.999Z"
"2022-10-30T00:00:00.000Z";"2022-10-30T23:59:59.999Z";"2022-10-30T06:57:00.000Z";"2022-10-30T22:27:00.000Z";0.7470735619;0.7580314503;0.7392642097;0.7411025007;1094546.13;98750646.27;"2022-10-30T23:59:59.999Z"
"2022-10-29T00:00:00.000Z";"2022-10-29T23:59:59.999Z";"2022-10-29T21:41:00.000Z";"2022-10-29T18:08:00.000Z";0.7390638942;0.7547924424;0.7333207447;0.746764334;1692757.26;99505075.92;"2022-10-29T23:59:59.999Z"
"2022-10-28T00:00:00.000Z";"2022-10-28T23:59:59.999Z";"2022-10-28T18:02:00.000Z";"2022-10-28T10:47:00.000Z";0.727142861;0.7445940243;0.7213771629;0.7391795148;1391487.55;98494411.68;"2022-10-28T23:59:59.999Z"
"2022-10-27T00:00:00.000Z";"2022-10-27T23:59:59.999Z";"2022-10-27T06:52:00.000Z";"2022-10-27T20:26:00.000Z";0.7399915588;0.7527728783;0.7220644178;0.7269875484;1580385.36;96869852.91;"2022-10-27T23:59:59.999Z"
"2022-10-26T00:00:00.000Z";"2022-10-26T23:59:59.999Z";"2022-10-26T04:56:00.000Z";"2022-10-26T13:12:00.000Z";0.7322336027;0.7463167166;0.7265157044;0.7398629152;1857424.81;98585473.61;"2022-10-26T23:59:59.999Z"
"2022-10-25T00:00:00.000Z";"2022-10-25T23:59:59.999Z";"2022-10-25T18:37:00.000Z";"2022-10-25T10:04:00.000Z";0.7108271205;0.749010311;0.705308976;0.7322024051;1927087.35;97564723.68;"2022-10-25T23:59:59.999Z"
"2022-10-24T00:00:00.000Z";"2022-10-24T23:59:59.999Z";"2022-10-24T00:38:00.000Z";"2022-10-24T14:26:00.000Z";0.7260448303;0.7292464101;0.7066972672;0.7107292096;1004706.18;94703456.95;"2022-10-24T23:59:59.999Z"
"2022-10-23T00:00:00.000Z";"2022-10-23T23:59:59.999Z";"2022-10-23T22:33:00.000Z";"2022-10-23T07:19:00.000Z";0.7089925103;0.7317630532;0.7015836629;0.7261298825;2104028.99;96755570.39;"2022-10-23T23:59:59.999Z"
"2022-10-22T00:00:00.000Z";"2022-10-22T23:59:59.999Z";"2022-10-22T18:42:00.000Z";"2022-10-22T06:04:00.000Z";0.6979778775;0.7175795719;0.6897493552;0.7089142508;1245966.34;94461616.78;"2022-10-22T23:59:59.999Z"
"2022-10-21T00:00:00.000Z";"2022-10-21T23:59:59.999Z";"2022-10-21T21:23:00.000Z";"2022-10-21T12:25:00.000Z";0.7007280858;0.7058530403;0.6812676173;0.6978772544;1333357.64;92990955.8;"2022-10-21T23:59:59.999Z"
"2022-10-20T00:00:00.000Z";"2022-10-20T23:59:59.999Z";"2022-10-20T00:04:00.000Z";"2022-10-20T20:34:00.000Z";0.7290017979;0.7335653668;0.6963486783;0.7006998489;2194475.75;93367061.72;"2022-10-20T23:59:59.999Z"
"2022-10-19T00:00:00.000Z";"2022-10-19T23:59:59.999Z";"2022-10-19T14:29:00.000Z";"2022-10-19T07:49:00.000Z";0.7357484775;0.780432906;0.7270117808;0.7292370256;2832874.06;97169591.92;"2022-10-19T23:59:59.999Z"
"2022-10-18T00:00:00.000Z";"2022-10-18T23:59:59.999Z";"2022-10-18T01:23:00.000Z";"2022-10-18T15:51:00.000Z";0.751989662;0.7553064887;0.725531663;0.7356776519;1642720.95;98027794.41;"2022-10-18T23:59:59.999Z"
"2022-10-17T00:00:00.000Z";"2022-10-17T23:59:59.999Z";"2022-10-17T04:00:00.000Z";"2022-10-17T18:45:00.000Z";0.7557761079;0.7585147674;0.7474416404;0.7519071417;1306627.81;100190346.28;"2022-10-17T23:59:59.999Z"
"2022-10-16T00:00:00.000Z";"2022-10-16T23:59:59.999Z";"2022-10-16T21:16:00.000Z";"2022-10-16T03:47:00.000Z";0.7451826097;0.760413816;0.7411536423;0.755643006;1600104.97;100688143.84;"2022-10-16T23:59:59.999Z"
"2022-10-15T00:00:00.000Z";"2022-10-15T23:59:59.999Z";"2022-10-15T13:24:00.000Z";"2022-10-15T04:00:00.000Z";0.7422728287;0.7570860691;0.7398037034;0.7453165158;1231015.94;99312156.61;"2022-10-15T23:59:59.999Z"
"2022-10-14T00:00:00.000Z";"2022-10-14T23:59:59.999Z";"2022-10-14T07:17:00.000Z";"2022-10-14T22:14:00.000Z";0.7645567652;0.7750107634;0.7401556905;0.7422969094;1859572.97;98909799.19;"2022-10-14T23:59:59.999Z"
"2022-10-13T00:00:00.000Z";"2022-10-13T23:59:59.999Z";"2022-10-13T00:06:00.000Z";"2022-10-13T12:49:00.000Z";0.7655895101;0.7687796561;0.7233792632;0.7646698574;1986511.03;101890956.42;"2022-10-13T23:59:59.999Z"
"2022-10-12T00:00:00.000Z";"2022-10-12T23:59:59.999Z";"2022-10-12T09:38:00.000Z";"2022-10-12T16:32:00.000Z";0.7654528777;0.77404019;0.7632995516;0.7656159609;1192897.47;102017023.1;"2022-10-12T23:59:59.999Z"
"2022-10-11T00:00:00.000Z";"2022-10-11T23:59:59.999Z";"2022-10-11T00:04:00.000Z";"2022-10-11T04:03:00.000Z";0.7747534747;0.7753770071;0.7559916378;0.7652520698;1717479.65;101968535.24;"2022-10-11T23:59:59.999Z"
"2022-10-10T00:00:00.000Z";"2022-10-10T23:59:59.999Z";"2022-10-10T02:52:00.000Z";"2022-10-10T23:59:00.000Z";0.7879894046;0.7907539633;0.7746750095;0.7746750095;1612890.67;103224125.9;"2022-10-10T23:59:59.999Z"
"2022-10-09T00:00:00.000Z";"2022-10-09T23:59:59.999Z";"2022-10-09T00:00:00.000Z";"2022-10-09T04:33:00.000Z";0.7975142281;0.7975142281;0.7849645876;0.7878009925;1430628.33;104973140.79;"2022-10-09T23:59:59.999Z"
"2022-10-08T00:00:00.000Z";"2022-10-08T23:59:59.999Z";"2022-10-08T00:50:00.000Z";"2022-10-08T23:18:00.000Z";0.8185920795;0.8209071303;0.7916721611;0.7975188368;1899454.33;106268026.99;"2022-10-08T23:59:59.999Z"
"2022-10-07T00:00:00.000Z";"2022-10-07T23:59:59.999Z";"2022-10-07T16:31:00.000Z";"2022-10-07T02:03:00.000Z";0.8020109814;0.846167471;0.8006986789;0.8187872995;6220856.27;109102013.43;"2022-10-07T23:59:59.999Z"
"2022-10-06T00:00:00.000Z";"2022-10-06T23:59:59.999Z";"2022-10-06T11:56:00.000Z";"2022-10-06T22:23:00.000Z";0.8017165609;0.8304882014;0.7979345977;0.8021132705;1981530.89;106880227.46;"2022-10-06T23:59:59.999Z"
"2022-10-05T00:00:00.000Z";"2022-10-05T23:59:59.999Z";"2022-10-05T00:07:00.000Z";"2022-10-05T14:35:00.000Z";0.8046770177;0.8084618699;0.7847937916;0.8015335564;1495674.36;106802981.53;"2022-10-05T23:59:59.999Z"
"2022-10-04T00:00:00.000Z";"2022-10-04T23:59:59.999Z";"2022-10-04T22:53:00.000Z";"2022-10-04T01:53:00.000Z";0.7901797861;0.8093066401;0.7827452748;0.8045486278;1712242.12;107204734.68;"2022-10-04T23:59:59.999Z"
"2022-10-03T00:00:00.000Z";"2022-10-03T23:59:59.999Z";"2022-10-03T00:02:00.000Z";"2022-10-03T11:38:00.000Z";0.8250304235;0.8294792723;0.7800847049;0.7900759733;3621393.35;105276278.11;"2022-10-03T23:59:59.999Z"
"2022-10-02T00:00:00.000Z";"2022-10-02T23:59:59.999Z";"2022-10-02T12:17:00.000Z";"2022-10-02T04:40:00.000Z";0.7585186681;0.8685575435;0.7547130618;0.8242190083;14236685.12;109825779.38;"2022-10-02T23:59:59.999Z"
"2022-10-01T00:00:00.000Z";"2022-10-01T23:59:59.999Z";"2022-10-01T00:22:00.000Z";"2022-10-01T21:46:00.000Z";0.7754793053;0.7766947091;0.7554780926;0.7584194791;1607235.35;101058104.16;"2022-10-01T23:59:59.999Z"
"2022-09-30T00:00:00.000Z";"2022-09-30T23:59:59.999Z";"2022-09-30T15:14:00.000Z";"2022-09-30T06:19:00.000Z";0.7769353678;0.7913998201;0.7697503403;0.7755738694;1768539.41;103343897.46;"2022-09-30T23:59:59.999Z"
"2022-09-29T00:00:00.000Z";"2022-09-29T23:59:59.999Z";"2022-09-29T22:32:00.000Z";"2022-09-29T14:17:00.000Z";0.7612012108;0.7781491132;0.7577100529;0.7769872268;2557723.18;103532224.92;"2022-09-29T23:59:59.999Z"
"2022-09-28T00:00:00.000Z";"2022-09-28T23:59:59.999Z";"2022-09-28T21:30:00.000Z";"2022-09-28T02:29:00.000Z";0.7600379011;0.7733828776;0.7427804331;0.7624588845;2733339.64;101596348.05;"2022-09-28T23:59:59.999Z"
"2022-09-27T00:00:00.000Z";"2022-09-27T23:59:59.999Z";"2022-09-27T06:39:00.000Z";"2022-09-27T18:34:00.000Z";0.7733366512;0.803923472;0.7546376194;0.7601704723;3273716.11;101291421.02;"2022-09-27T23:59:59.999Z"
"2022-09-26T00:00:00.000Z";"2022-09-26T23:59:59.999Z";"2022-09-26T09:05:00.000Z";"2022-09-26T20:49:00.000Z";0.7810337881;0.7930905073;0.764082952;0.7732733927;1613197.41;103037362.85;"2022-09-26T23:59:59.999Z"
"2022-09-25T00:00:00.000Z";"2022-09-25T23:59:59.999Z";"2022-09-25T04:53:00.000Z";"2022-09-25T23:02:00.000Z";0.795806774;0.8039518445;0.7774713901;0.7809470521;1358903.5;104059864.9;"2022-09-25T23:59:59.999Z"
"2022-09-24T00:00:00.000Z";"2022-09-24T23:59:59.999Z";"2022-09-24T19:40:00.000Z";"2022-09-24T09:33:00.000Z";0.7947085363;0.8059502285;0.7867547127;0.7957985695;1538600.28;106038804.31;"2022-09-24T23:59:59.999Z"
"2022-09-23T00:00:00.000Z";"2022-09-23T23:59:59.999Z";"2022-09-23T04:56:00.000Z";"2022-09-23T16:40:00.000Z";0.8037441379;0.8138051893;0.7813029732;0.7946544122;2320856.59;105886347.28;"2022-09-23T23:59:59.999Z"
"2022-09-22T00:00:00.000Z";"2022-09-22T23:59:59.999Z";"2022-09-22T13:13:00.000Z";"2022-09-22T00:01:00.000Z";0.7822946075;0.8116101196;0.7812395349;0.8040292267;3398524.28;107135525.36;"2022-09-22T23:59:59.999Z"
"2022-09-21T00:00:00.000Z";"2022-09-21T23:59:59.999Z";"2022-09-21T04:00:00.000Z";"2022-09-21T22:20:00.000Z";0.7751808629;0.8206500747;0.7689466685;0.7829357829;4669956.44;104324859.89;"2022-09-21T23:59:59.999Z"
"2022-09-20T00:00:00.000Z";"2022-09-20T23:59:59.999Z";"2022-09-20T09:16:00.000Z";"2022-09-20T23:46:00.000Z";0.8030346737;0.8081663786;0.7744425079;0.7751601355;3491673.13;103288768.11;"2022-09-20T23:59:59.999Z"
"2022-09-19T00:00:00.000Z";"2022-09-19T23:59:59.999Z";"2022-09-19T04:57:00.000Z";"2022-09-19T07:16:00.000Z";0.7843001216;0.8918816747;0.7594641401;0.8032531402;7846193.74;107032113.16;"2022-09-19T23:59:59.999Z"
"2022-09-18T00:00:00.000Z";"2022-09-18T23:59:59.999Z";"2022-09-18T02:21:00.000Z";"2022-09-18T23:55:00.000Z";0.8608884452;0.9259323264;0.7829974816;0.7848447941;6317094.79;104579232.38;"2022-09-18T23:59:59.999Z"
"2022-09-17T00:00:00.000Z";"2022-09-17T23:59:59.999Z";"2022-09-17T22:59:00.000Z";"2022-09-17T00:07:00.000Z";0.8023827287;0.8655379485;0.7995675167;0.8607750167;2721623.57;114696805.25;"2022-09-17T23:59:59.999Z"
"2022-09-16T00:00:00.000Z";"2022-09-16T23:59:59.999Z";"2022-09-16T11:01:00.000Z";"2022-09-16T00:19:00.000Z";0.7887148679;0.8602593039;0.7850436234;0.8021424116;6599887.52;106884110.45;"2022-09-16T23:59:59.999Z"
"2022-09-15T00:00:00.000Z";"2022-09-15T23:59:59.999Z";"2022-09-15T07:23:00.000Z";"2022-09-15T23:56:00.000Z";0.8738747229;0.8874405171;0.7881848537;0.7885599391;4241689.39;105074269.12;"2022-09-15T23:59:59.999Z"
"2022-09-14T00:00:00.000Z";"2022-09-14T23:59:59.999Z";"2022-09-14T11:41:00.000Z";"2022-09-14T00:22:00.000Z";0.8471779927;0.9128030938;0.844881765;0.873905526;5422607.56;116446423.25;"2022-09-14T23:59:59.999Z"
"2022-09-13T00:00:00.000Z";"2022-09-13T23:59:59.999Z";"2022-09-13T11:46:00.000Z";"2022-09-14T00:22:00.000Z";0.9130166785;0.9239781219;0.844881765;0.8493172987;2611744.41;113170083.83;"2022-09-13T23:59:59.999Z"
"2022-09-12T00:00:00.000Z";"2022-09-12T23:59:59.999Z";"2022-09-12T14:28:00.000Z";"2022-09-12T22:38:00.000Z";0.9289555925;0.9475266571;0.9101044715;0.91281476;2810479.57;121631012.43;"2022-09-12T23:59:59.999Z"
"2022-09-11T00:00:00.000Z";"2022-09-11T23:59:59.999Z";"2022-09-11T12:47:00.000Z";"2022-09-11T21:57:00.000Z";0.9271543811;0.9371111234;0.9153824925;0.9291139678;1818609.29;123802854.11;"2022-09-11T23:59:59.999Z"
"2022-09-10T00:00:00.000Z";"2022-09-10T23:59:59.999Z";"2022-09-10T07:33:00.000Z";"2022-09-10T00:40:00.000Z";0.9248453194;0.9461400366;0.9150918701;0.9271623237;2640419.65;123542800.86;"2022-09-10T23:59:59.999Z"
"2022-09-09T00:00:00.000Z";"2022-09-09T23:59:59.999Z";"2022-09-09T12:43:00.000Z";"2022-09-09T00:29:00.000Z";0.8781518119;0.9368500204;0.8733986411;0.9249955942;3620394.42;123254087.85;"2022-09-09T23:59:59.999Z"
"2022-09-08T00:00:00.000Z";"2022-09-08T23:59:59.999Z";"2022-09-08T11:29:00.000Z";"2022-09-08T21:26:00.000Z";0.8769200461;0.906146832;0.8697271707;0.8784607162;2832719.4;117053394.6;"2022-09-08T23:59:59.999Z"
"2022-09-07T00:00:00.000Z";"2022-09-07T23:59:59.999Z";"2022-09-07T22:38:00.000Z";"2022-09-07T00:29:00.000Z";0.846311221;0.8939495357;0.8397867081;0.8771131961;2713162.83;116873839.83;"2022-09-07T23:59:59.999Z"
"2022-09-06T00:00:00.000Z";"2022-09-06T23:59:59.999Z";"2022-09-06T01:12:00.000Z";"2022-09-06T20:14:00.000Z";0.8874117204;0.9127183127;0.8377576192;0.8469143106;3780331.24;112849889.76;"2022-09-06T23:59:59.999Z"
"2022-09-05T00:00:00.000Z";"2022-09-05T23:59:59.999Z";"2022-09-05T11:45:00.000Z";"2022-09-05T10:00:00.000Z";0.8927610017;0.9114467153;0.8754115522;0.8876475429;2982367.94;118277523.6;"2022-09-05T23:59:59.999Z"
"2022-09-04T00:00:00.000Z";"2022-09-04T23:59:59.999Z";"2022-09-04T14:40:00.000Z";"2022-09-04T08:22:00.000Z";0.8808431798;0.8959545116;0.87328817;0.8928702764;2322243.77;118973443.96;"2022-09-04T23:59:59.999Z"
"2022-09-03T00:00:00.000Z";"2022-09-03T23:59:59.999Z";"2022-09-03T11:39:00.000Z";"2022-09-03T04:58:00.000Z";0.8748195578;0.8849484713;0.8665251081;0.8810860267;2774701.06;117403212.75;"2022-09-03T23:59:59.999Z"
"2022-09-02T00:00:00.000Z";"2022-09-02T23:59:59.999Z";"2022-09-02T15:23:00.000Z";"2022-09-02T22:42:00.000Z";0.8987269897;0.9457973927;0.8713659812;0.8749228457;6963524.58;116581979.37;"2022-09-02T23:59:59.999Z"